ticker,data_date,sector,industry,open,high,low,close,volume,frequency,nbss,nbsf
AALI,2023-12-22,Consumer Non-Cyclicals,Agricultural Products,7075.00,7075.00,7000.00,7025.00,492200,472,-392424992,-992684992
ABBA,2023-12-22,Consumer Cyclicals,Media,52.00,52.00,50.00,51.00,6711300,135,112278800,0
ABDA,2023-12-22,Financials,Insurance,5800.00,5800.00,5800.00,5800.00,0,0,0,0
ABMM,2023-12-22,Energy,Coal,3300.00,3330.00,3290.00,3320.00,356300,389,-308372992,-66943000
ABX,2023-12-22,,,794.71,798.32,772.85,778.34,0,0,0,0
ACES,2023-12-22,Consumer Cyclicals,Specialty Retail,730.00,735.00,715.00,720.00,32986600,3835,-1695142016,-3877946880
ACST,2023-12-22,Infrastructures,Heavy Constructions & Civil Engineering,134.00,137.00,132.00,136.00,1304300,267,-664400,66350300
ADCP,2023-12-22,Properties & Real Estate,Real Estate Management & Development,50.00,51.00,50.00,50.00,7014800,158,-320985888,0
ADES,2023-12-22,Consumer Non-Cyclicals,Beverages,9100.00,9375.00,9100.00,9375.00,66900,95,205555008,5620000
ADHI,2023-12-22,Infrastructures,Heavy Constructions & Civil Engineering,316.00,318.00,306.00,310.00,25740800,2355,-3776186880,1429307776
ADMF,2023-12-22,Financials,Consumer Financing,10700.00,10725.00,10650.00,10650.00,39300,58,-47960000,60830000
ADMG,2023-12-22,Basic Materials,Chemicals,139.00,139.00,134.00,136.00,170700,50,-14368800,2551500
ADMR,2023-12-22,Energy,Coal,1370.00,1395.00,1325.00,1345.00,14740000,3438,-8367222272,1773133056
ADRO,2023-12-22,Energy,Coal,2600.00,2610.00,2580.00,2590.00,29264900,6159,8182028800,8742947840
AEGS,2023-12-22,Consumer Cyclicals,Auto Components,88.00,92.00,88.00,90.00,3817300,253,122094400,0
AGAR,2023-12-22,Consumer Non-Cyclicals,Agricultural Products,117.00,117.00,117.00,117.00,100,1,0,0
AGII,2023-12-22,Basic Materials,Chemicals,1590.00,1590.00,1570.00,1575.00,54800,65,-5105000,0
AGRO,2023-12-22,Financials,Banks,320.00,334.00,318.00,320.00,51419800,4257,-2577078528,-554310976
AGRS,2023-12-22,Financials,Banks,83.00,83.00,81.00,81.00,918000,140,-32461600,-5480100
AHAP,2023-12-22,Financials,Insurance,95.00,96.00,92.00,92.00,2585200,255,-70789296,1048800
AIMS,2023-12-22,Energy,Coal,690.00,745.00,635.00,700.00,2942900,695,1945899008,0
AISA,2023-12-22,Consumer Non-Cyclicals,Processed Foods,126.00,131.00,126.00,127.00,3002000,465,-196790704,-41007500
AKKU,2023-12-22,Consumer Cyclicals,Tourism & Recreation,50.00,50.00,50.00,50.00,0,0,0,0
AKPI,2023-12-22,Basic Materials,Chemicals,715.00,745.00,715.00,740.00,16600,5,11335500,0
AKRA,2023-12-22,Energy,Oil & Gas,1435.00,1450.00,1425.00,1450.00,8475500,1772,3833651456,-1318449536
AKSI,2023-12-22,Transportation & Logistic,Logistics & Deliveries,142.00,152.00,142.00,149.00,5600,8,-241500,0
ALDO,2023-12-22,Basic Materials,Containers & Packaging,900.00,920.00,865.00,920.00,629700,133,449226496,-1725000
ALKA,2023-12-22,Basic Materials,Metals & Minerals,494.00,510.00,488.00,496.00,66100,63,16395600,-2124200
ALMI,2023-12-22,Basic Materials,Metals & Minerals,193.00,196.00,188.00,194.00,55200,173,5263400,-244500
ALTO,2023-12-22,Consumer Non-Cyclicals,Beverages,50.00,50.00,50.00,50.00,200000,1000,10000000,0
AMAG,2023-12-22,Financials,Insurance,296.00,304.00,294.00,296.00,914900,33,255305600,-4492400
AMAN,2023-12-22,Properties & Real Estate,Real Estate Management & Development,116.00,122.00,116.00,120.00,1570400,308,-14390400,72930304
AMAR,2023-12-22,Financials,Banks,320.00,322.00,314.00,320.00,1189100,102,86161600,-19944800
AMFG,2023-12-22,Industrials,Building Products & Fixtures,5800.00,5850.00,5800.00,5850.00,13200,19,-32575000,-5220000
AMIN,2023-12-22,Industrials,Machinery,179.00,179.00,175.00,179.00,90200,21,-11051000,-13177500
AMMN,2023-12-22,Basic Materials,Metals & Minerals,6300.00,6650.00,6200.00,6625.00,34740200,6644,22987229184,46454595584
AMMS,2023-12-22,Consumer Non-Cyclicals,Agricultural Products,39.00,42.00,39.00,41.00,22879700,270,13793500,0
AMOR,2023-12-22,Financials,Investment Services,980.00,1025.00,980.00,1005.00,5700,9,-2749500,1488000
AMRT,2023-12-22,Consumer Non-Cyclicals,Food & Staples Retailing,2870.00,2880.00,2820.00,2870.00,8695600,4083,-176196992,3525981952
ANDI,2023-12-22,Consumer Non-Cyclicals,Agricultural Products,50.00,50.00,50.00,50.00,2000,1,100000,0
ANJT,2023-12-22,Consumer Non-Cyclicals,Agricultural Products,715.00,750.00,715.00,745.00,2646800,522,776456000,190009504
ANTM,2023-12-22,Basic Materials,Metals & Minerals,1640.00,1665.00,1640.00,1665.00,24415400,4557,14807898112,-4746438656
APEX,2023-12-22,Energy,"Oil, Gas & Coal Supports",162.00,170.00,162.00,169.00,1342900,230,-149683904,-11541900
APIC,2023-12-22,Financials,Holding & Investment Companies,1145.00,1155.00,1130.00,1145.00,273386816,4010,141596590080,11584253952
APII,2023-12-22,Industrials,Machinery,183.00,190.00,181.00,185.00,199200,62,21691000,409200
APLI,2023-12-22,Basic Materials,Chemicals,520.00,525.00,520.00,525.00,4500,4,1680500,1995000
APLN,2023-12-22,Properties & Real Estate,Real Estate Management & Development,128.00,129.00,127.00,128.00,3057200,201,1262700,-19008000
ARCI,2023-12-22,Basic Materials,Metals & Minerals,402.00,412.00,396.00,398.00,16855200,3067,-2577922304,119052400
ARGO,2023-12-22,Consumer Cyclicals,Apparel & Luxury Goods,1000.00,1000.00,1000.00,1000.00,13400,12,-13200000,0
ARII,2023-12-22,Energy,Coal,234.00,234.00,226.00,226.00,28100,11,-5054200,-4640000
ARKA,2023-12-22,Industrials,Machinery,50.00,50.00,50.00,50.00,3600,10,180000,0
ARKO,2023-12-22,Infrastructures,Electric Utilities,710.00,715.00,705.00,715.00,943600,139,3094000,77492000
ARMY,2023-12-22,Properties & Real Estate,Real Estate Management & Development,50.00,50.00,50.00,50.00,0,0,0,0
ARNA,2023-12-22,Industrials,Building Products & Fixtures,650.00,660.00,645.00,655.00,996900,454,-78987504,100760496
ARTA,2023-12-22,Consumer Cyclicals,Tourism & Recreation,2820.00,2820.00,2800.00,2800.00,13300,8,0,0
ARTI,2023-12-22,Energy,"Oil, Gas & Coal Supports",7.00,7.00,7.00,7.00,575400,53,369600,0
ARTO,2023-12-22,Financials,Banks,2970.00,3080.00,2920.00,2930.00,14809300,5825,-10369662976,-2750959104
ASBI,2023-12-22,Financials,Insurance,685.00,685.00,655.00,685.00,1000,4,-253000,0
ASDM,2023-12-22,Financials,Insurance,464.00,476.00,464.00,476.00,5000,25,574800,0
ASGR,2023-12-22,Industrials,Commercial Services,900.00,905.00,890.00,900.00,589500,148,-387711008,-6390000
ASHA,2023-12-22,Consumer Non-Cyclicals,Agricultural Products,50.00,50.00,50.00,50.00,4300,10,215000,0
ASII,2023-12-22,Industrials,Multi-sector Holdings,5550.00,5600.00,5500.00,5550.00,38055800,9325,-42647298048,6489692672
ASJT,2023-12-22,Financials,Insurance,124.00,124.00,124.00,124.00,4900,10,285200,0
ASLC,2023-12-22,Consumer Cyclicals,Specialty Retail,91.00,94.00,91.00,92.00,13401900,763,-49951300,-29248700
ASMI,2023-12-22,Financials,Insurance,50.00,50.00,50.00,50.00,90000,4,-490000,0
ASPI,2023-12-22,Properties & Real Estate,Real Estate Management & Development,141.00,141.00,139.00,139.00,274500,81,-31964200,-20179600
ASRI,2023-12-22,Properties & Real Estate,Real Estate Management & Development,165.00,165.00,163.00,163.00,1332800,233,26192600,3131300
ASRM,2023-12-22,Financials,Insurance,1580.00,1580.00,1570.00,1570.00,200,2,0,0
ASSA,2023-12-22,Transportation & Logistic,Passenger Land Transportation,780.00,790.00,760.00,760.00,6185900,1077,-2813101568,-18645500
ATAP,2023-12-22,Properties & Real Estate,Real Estate Management & Development,50.00,51.00,50.00,51.00,89300,36,-2995500,0
ATIC,2023-12-22,Technology,IT Services & Consulting,360.00,450.00,360.00,416.00,4348400,1583,96893000,2358200
AUTO,2023-12-22,Consumer Cyclicals,Auto Components,2340.00,2350.00,2300.00,2320.00,1797800,1095,-93570000,1006203008
AVIA,2023-12-22,Basic Materials,Chemicals,436.00,440.00,422.00,426.00,64876800,4819,-16992009216,-9303583744
AWAN,2023-12-22,Technology,Online Applications & Services,292.00,296.00,278.00,280.00,14075000,913,2663815424,-144320400
AXIO,2023-12-22,Technology,Computer Hardware,187.00,188.00,180.00,184.00,6238100,238,-1117228544,-55500
AYAM,2023-12-22,Consumer Non-Cyclicals,Agricultural Products,109.00,110.00,107.00,107.00,11868700,552,-282524288,98402496
AYLS,2023-12-22,Basic Materials,Construction Materials,50.00,52.00,50.00,52.00,797600,74,-31504100,0
BABP,2023-12-22,Financials,Banks,61.00,64.00,60.00,62.00,53457000,11920,601325504,-148834896
BABY,2023-12-22,Consumer Cyclicals,Specialty Retail,171.00,181.00,171.00,177.00,1085700,411,-34257200,0
BACA,2023-12-22,Financials,Banks,130.00,131.00,130.00,130.00,2341600,51,-283496704,-3497000
BAJA,2023-12-22,Basic Materials,Metals & Minerals,121.00,128.00,121.00,126.00,118800,64,-6355400,-63200
BALI,2023-12-22,Infrastructures,Wireless Telecommunication Services,805.00,805.00,790.00,800.00,52600,20,-21941500,0
BANK,2023-12-22,Financials,Banks,1105.00,1130.00,1055.00,1060.00,41206400,868,37230313472,5457500
BAPA,2023-12-22,Properties & Real Estate,Real Estate Management & Development,51.00,52.00,50.00,51.00,130700,39,-3819700,0
BAPI,2023-12-22,Properties & Real Estate,Real Estate Management & Development,50.00,50.00,50.00,50.00,0,0,0,0
BATA,2023-12-22,Consumer Cyclicals,Apparel & Luxury Goods,134.00,151.00,134.00,144.00,257000,75,29932400,-1191900
BAUT,2023-12-22,Consumer Cyclicals,Specialty Retail,50.00,50.00,50.00,50.00,2500,1,125000,0
BAYU,2023-12-22,Consumer Cyclicals,Tourism & Recreation,1455.00,1455.00,1440.00,1455.00,92200,42,-25135000,5505000
BBCA,2023-12-22,Financials,Banks,9275.00,9350.00,9275.00,9325.00,64449600,10116,-107968561152,160543817728
BBHI,2023-12-22,Financials,Banks,1310.00,1340.00,1275.00,1285.00,1568800,659,238860000,19970000
BBKP,2023-12-22,Financials,Banks,80.00,81.00,79.00,79.00,29625400,658,925053888,213637104
BBLD,2023-12-22,Financials,Consumer Financing,660.00,665.00,645.00,665.00,68500,29,8115500,568000
BBMD,2023-12-22,Financials,Banks,1850.00,1850.00,1850.00,1850.00,0,0,0,0
BBNI,2023-12-22,Financials,Banks,5200.00,5250.00,5175.00,5250.00,35234900,4252,74470154240,80971120640
BBRI,2023-12-22,Financials,Banks,5650.00,5700.00,5600.00,5675.00,109411296,14811,55274647552,247669784576
BBRM,2023-12-22,Energy,Coal,62.00,66.00,59.00,62.00,3284700,261,-104096400,0
BBSI,2023-12-22,Financials,Banks,3390.00,3390.00,3390.00,3390.00,1100,1,3729000,3729000
BBSS,2023-12-22,Properties & Real Estate,Real Estate Management & Development,83.00,85.00,80.00,85.00,37100,33,-2079000,0
BBTN,2023-12-22,Financials,Banks,1215.00,1220.00,1205.00,1205.00,14894600,2116,-12198084608,-4501146624
BBYB,2023-12-22,Financials,Banks,460.00,492.00,458.00,462.00,187316992,18080,-9410679808,-192279008
BCAP,2023-12-22,Financials,Holding & Investment Companies,50.00,50.00,50.00,50.00,1088000,62,54165000,215000
BCIC,2023-12-22,Financials,Banks,119.00,122.00,118.00,121.00,462400,115,-16952900,0
BCIP,2023-12-22,Properties & Real Estate,Real Estate Management & Development,60.00,61.00,60.00,61.00,493100,39,6018200,0
BDKR,2023-12-22,Infrastructures,Heavy Constructions & Civil Engineering,520.00,525.00,510.00,520.00,4710900,6048,917587008,-276385984
BDMN,2023-12-22,Financials,Banks,2750.00,2750.00,2720.00,2720.00,1002700,335,-582345024,524799008
BEBS,2023-12-22,Basic Materials,Construction Materials,50.00,50.00,50.00,50.00,445000,61,20250000,20160000
BEEF,2023-12-22,Consumer Non-Cyclicals,Processed Foods,240.00,246.00,238.00,240.00,657200,109,-60939000,-5937600
BEER,2023-12-22,Consumer Non-Cyclicals,Beverages,300.00,312.00,294.00,298.00,309700,83,24340400,15040200
BEKS,2023-12-22,Financials,Banks,50.00,50.00,50.00,50.00,312700,30,14135000,0
BELI,2023-12-22,Technology,Online Applications & Services,482.00,482.00,478.00,480.00,16171200,295,127569800,-1370885760
BELL,2023-12-22,Consumer Cyclicals,Apparel & Luxury Goods,74.00,76.00,73.00,74.00,13624100,1411,-528843200,8119400
BESS,2023-12-22,Energy,Coal,200.00,206.00,190.00,198.00,6380800,897,-269648000,-20770200
BEST,2023-12-22,Properties & Real Estate,Real Estate Management & Development,133.00,134.00,132.00,132.00,5481400,398,87921904,82737504
BFIN,2023-12-22,Financials,Consumer Financing,1120.00,1170.00,1120.00,1170.00,13413700,1522,1876976000,-1157469952
BGTG,2023-12-22,Financials,Banks,77.00,80.00,77.00,78.00,10997600,699,-4408200,207932192
BHAT,2023-12-22,Financials,Insurance,585.00,585.00,585.00,585.00,0,0,0,0
BHIT,2023-12-22,Industrials,Multi-sector Holdings,50.00,50.00,50.00,50.00,3201000,129,160050000,46200000
BIKA,2023-12-22,Properties & Real Estate,Real Estate Management & Development,52.00,52.00,51.00,51.00,4400,5,-224900,0
BIKE,2023-12-22,Consumer Cyclicals,Sport Equipment & Hobbies Goods,392.00,396.00,390.00,394.00,3612000,369,639881408,100761800
BIMA,2023-12-22,Consumer Cyclicals,Apparel & Luxury Goods,81.00,91.00,81.00,90.00,102800,74,2570900,0
BINA,2023-12-22,Financials,Banks,4170.00,4210.00,4170.00,4210.00,244400,56,156684000,53046000
BINO,2023-12-22,Industrials,Commercial Services,125.00,125.00,123.00,124.00,703300,68,57031100,-10620600
BIPI,2023-12-22,Energy,Coal,101.00,102.00,100.00,101.00,224647104,823,850850688,5447970304
BIPP,2023-12-22,Properties & Real Estate,Real Estate Management & Development,50.00,50.00,50.00,50.00,0,0,0,0
BIRD,2023-12-22,Transportation & Logistic,Passenger Land Transportation,1795.00,1820.00,1785.00,1790.00,606700,466,-71143000,70227000
BISI,2023-12-22,Consumer Non-Cyclicals,Agricultural Products,1575.00,1580.00,1570.00,1580.00,135100,38,71167504,207156496
BJBR,2023-12-22,Financials,Banks,1125.00,1130.00,1120.00,1125.00,444700,549,80409504,53488500
BJTM,2023-12-22,Financials,Banks,615.00,620.00,610.00,615.00,3615300,922,109177504,-328397504
BKDP,2023-12-22,Properties & Real Estate,Real Estate Management & Development,51.00,52.00,50.00,50.00,1515400,50,-11248800,0
BKSL,2023-12-22,Properties & Real Estate,Real Estate Management & Development,50.00,50.00,50.00,50.00,111900,13,5595000,940000
BKSW,2023-12-22,Financials,Banks,82.00,82.00,80.00,81.00,1067800,57,-19862000,5904900
BLTA,2023-12-22,Transportation & Logistic,Logistics & Deliveries,50.00,50.00,50.00,50.00,34000,7,1700000,0
BLTZ,2023-12-22,Consumer Cyclicals,Tourism & Recreation,2370.00,2370.00,2370.00,2370.00,0,0,0,0
BLUE,2023-12-22,Industrials,Commercial Services,340.00,350.00,336.00,348.00,91700,77,-400200,0
BMAS,2023-12-22,Financials,Banks,570.00,590.00,550.00,565.00,37300,53,-4762000,0
BMBL,2023-12-22,Consumer Cyclicals,Education & Support Services,20.00,22.00,19.00,21.00,1707400,79,12009700,0
BMHS,2023-12-22,Healthcare,Healthcare Providers,334.00,340.00,320.00,336.00,288700,77,-41989000,6839200
BMRI,2023-12-22,Financials,Banks,5950.00,5975.00,5925.00,5975.00,29975600,4882,-95910000,-49251987456
BMSR,2023-12-22,Basic Materials,Chemicals,336.00,340.00,328.00,328.00,14100,23,1507000,0
BMTR,2023-12-22,Consumer Cyclicals,Media,266.00,268.00,262.00,266.00,44867100,1138,-5825873408,1342522752
BNBA,2023-12-22,Financials,Banks,750.00,790.00,740.00,740.00,710700,168,60862000,-23204000
BNBR,2023-12-22,Industrials,Multi-sector Holdings,50.00,50.00,50.00,50.00,21800,9,1090000,0
BNGA,2023-12-22,Financials,Banks,1680.00,1685.00,1675.00,1680.00,3756700,718,-1622513024,128866496
BNII,2023-12-22,Financials,Banks,244.00,246.00,242.00,246.00,313200,69,17512200,0
BNLI,2023-12-22,Financials,Banks,915.00,925.00,905.00,905.00,78300,45,-30415500,-3600500
BOBA,2023-12-22,Consumer Non-Cyclicals,Processed Foods,160.00,165.00,159.00,163.00,497600,64,-19070300,-1467300
BOGA,2023-12-22,Consumer Cyclicals,Specialty Retail,1185.00,1185.00,1185.00,1185.00,0,0,0,0
BOLA,2023-12-22,Consumer Cyclicals,Tourism & Recreation,160.00,161.00,157.00,160.00,653600,45,-14036400,0
BOLT,2023-12-22,Consumer Cyclicals,Auto Components,740.00,740.00,715.00,740.00,144900,38,83601000,-1667500
BOSS,2023-12-22,Energy,Coal,50.00,50.00,50.00,50.00,1026700,27,51335000,50000000
BPFI,2023-12-22,Financials,Consumer Financing,400.00,410.00,400.00,400.00,11500,13,953000,0
BPII,2023-12-22,Financials,Holding & Investment Companies,10300.00,10300.00,10300.00,10300.00,0,0,0,0
BPTR,2023-12-22,Transportation & Logistic,Passenger Land Transportation,92.00,92.00,84.00,86.00,131100,69,1662300,0
BRAM,2023-12-22,Consumer Cyclicals,Auto Components,5975.00,5975.00,5950.00,5950.00,200,2,2500,-595000
BREN,2023-12-22,Infrastructures,Electric Utilities,7500.00,7650.00,7375.00,7500.00,17981700,6162,7587024896,26848890880
BRIS,2023-12-22,Financials,Banks,1690.00,1725.00,1685.00,1695.00,9421600,3195,-658061504,249190496
BRMS,2023-12-22,Basic Materials,Metals & Minerals,172.00,175.00,167.00,168.00,98223000,3922,-3293401856,-2609115392
BRNA,2023-12-22,Basic Materials,Containers & Packaging,905.00,905.00,905.00,905.00,0,0,0,0
BRPT,2023-12-22,Basic Materials,Chemicals,1485.00,1500.00,1405.00,1410.00,130868496,19756,-69975056384,-6289736704
BSBK,2023-12-22,Properties & Real Estate,Real Estate Management & Development,55.00,55.00,53.00,53.00,53910500,4726,-444654784,777040128
BSDE,2023-12-22,Properties & Real Estate,Real Estate Management & Development,1055.00,1065.00,1040.00,1060.00,9721800,1156,-1020636032,3326382592
BSIM,2023-12-22,Financials,Banks,890.00,890.00,875.00,875.00,13300,11,6661000,8760000
BSML,2023-12-22,Energy,Coal,168.00,183.00,166.00,179.00,123744896,2548,-6846435328,621483392
BSSR,2023-12-22,Energy,Coal,3740.00,3830.00,3740.00,3810.00,327400,486,300211008,92623000
BSWD,2023-12-22,Financials,Banks,1190.00,1190.00,1190.00,1190.00,0,0,0,0
BTEK,2023-12-22,Consumer Non-Cyclicals,Agricultural Products,50.00,50.00,50.00,50.00,0,0,0,0
BTEL,2023-12-22,Infrastructures,Wireless Telecommunication Services,50.00,50.00,50.00,50.00,0,0,0,0
BTON,2023-12-22,Basic Materials,Metals & Minerals,402.00,410.00,402.00,408.00,3500,7,849400,0
BTPN,2023-12-22,Financials,Banks,2630.00,2630.00,2600.00,2620.00,10500,21,-2056000,-262000
BTPS,2023-12-22,Financials,Banks,1620.00,1650.00,1615.00,1645.00,3015300,1083,840065984,1403827968
BUAH,2023-12-22,Consumer Non-Cyclicals,Food & Staples Retailing,2110.00,2110.00,2090.00,2100.00,243900,419,-188503008,0
BUDI,2023-12-22,Consumer Non-Cyclicals,Processed Foods,260.00,266.00,260.00,262.00,40200,34,-355400,26200
BUKA,2023-12-22,Technology,Online Applications & Services,208.00,210.00,206.00,208.00,43143000,1219,-3964321280,3684348672
BUKK,2023-12-22,Infrastructures,Heavy Constructions & Civil Engineering,1040.00,1085.00,1035.00,1085.00,4700,4,-4662000,0
BULL,2023-12-22,Energy,Oil & Gas,139.00,142.00,131.00,136.00,184161200,2319,1029649792,1195020032
BUMI,2023-12-22,Energy,Coal,85.00,87.00,85.00,85.00,212442400,3883,-6165537280,-3167470592
BUVA,2023-12-22,Consumer Cyclicals,Tourism & Recreation,60.00,67.00,60.00,62.00,13239500,338,105573696,-8391500
BVIC,2023-12-22,Financials,Banks,90.00,92.00,89.00,90.00,1067300,99,-36691200,12519000
BWPT,2023-12-22,Consumer Non-Cyclicals,Agricultural Products,55.00,55.00,53.00,53.00,2300300,122,-98646496,0
BYAN,2023-12-22,Energy,Coal,19500.00,19500.00,19300.00,19500.00,54200,150,324832512,-330224992
CAKK,2023-12-22,Industrials,Building Products & Fixtures,160.00,163.00,157.00,157.00,479300,179,-53285800,-12894400
CAMP,2023-12-22,Consumer Non-Cyclicals,Processed Foods,364.00,364.00,356.00,362.00,178800,110,17037200,9043200
CANI,2023-12-22,Energy,Coal,50.00,50.00,50.00,50.00,300,3,15000,0
CARE,2023-12-22,Healthcare,Healthcare Providers,160.00,169.00,150.00,155.00,16446900,2862,-435120704,-93150896
CARS,2023-12-22,Consumer Cyclicals,Specialty Retail,95.00,97.00,95.00,96.00,8823600,213,-338251904,169676000
CASA,2023-12-22,Financials,Holding & Investment Companies,620.00,620.00,620.00,620.00,0,0,0,0
CASH,2023-12-22,Technology,Online Applications & Services,139.00,144.00,133.00,139.00,19900,17,-1904100,0
CASS,2023-12-22,Infrastructures,Transport Infrastructure Operator,795.00,810.00,780.00,780.00,205400,78,-7201000,-1649500
CBMF,2023-12-22,Consumer Cyclicals,Household Goods,50.00,50.00,50.00,50.00,0,0,0,0
CBPE,2023-12-22,Properties & Real Estate,Real Estate Management & Development,128.00,128.00,125.00,126.00,52000,18,-3550700,718200
CBRE,2023-12-22,Energy,Coal,50.00,50.00,50.00,50.00,38300,10,1915000,0
CBUT,2023-12-22,Consumer Non-Cyclicals,Agricultural Products,1900.00,1905.00,1890.00,1895.00,3500,18,-4366000,-950000
CCSI,2023-12-22,Industrials,Electrical,550.00,550.00,472.00,498.00,20900,25,-8450200,432000
CEKA,2023-12-22,Consumer Non-Cyclicals,Processed Foods,1845.00,1860.00,1840.00,1840.00,40900,29,-9306000,182500
CENT,2023-12-22,Infrastructures,Wireless Telecommunication Services,56.00,56.00,54.00,55.00,911200,46,-37242900,-2117100
CFIN,2023-12-22,Financials,Consumer Financing,486.00,490.00,478.00,480.00,5144700,846,-963422976,-152805792
CHEM,2023-12-22,Basic Materials,Chemicals,119.00,120.00,118.00,119.00,13608800,6454,1383260160,139300800
CHIP,2023-12-22,Technology,"Electronic Equipment, Instruments & Compo",2230.00,2230.00,2060.00,2120.00,978500,997,154191008,0
CINT,2023-12-22,Consumer Cyclicals,Household Goods,166.00,167.00,158.00,158.00,600,3,-66000,-66800
CITA,2023-12-22,Basic Materials,Metals & Minerals,2120.00,2190.00,2120.00,2190.00,600,6,1296000,0
CITY,2023-12-22,Properties & Real Estate,Real Estate Management & Development,69.00,69.00,61.00,62.00,2208100,298,-15069600,0
CKRA,2020-08-27,Energy,"Oil, Gas & Coal Supports",76.00,76.00,76.00,76.00,0,0,0,0
CLAY,2023-12-22,Consumer Cyclicals,Tourism & Recreation,144.00,144.00,144.00,144.00,0,0,0,0
CLEO,2023-12-22,Consumer Non-Cyclicals,Beverages,640.00,650.00,620.00,640.00,2947500,345,-239689504,16471500
CLPI,2023-12-22,Basic Materials,Chemicals,980.00,985.00,975.00,975.00,16800,27,-3405500,5866000
CMNP,2023-12-22,Infrastructures,Transport Infrastructure Operator,1700.00,1715.00,1670.00,1700.00,64300,90,60921500,93995000
CMNT,2023-12-22,Basic Materials,Construction Materials,1025.00,1050.00,1025.00,1050.00,50849000,2426,-37432459264,602206976
CMPP,2023-12-22,Transportation & Logistic,Airlines,124.00,125.00,121.00,123.00,99000,27,1903900,-2472300
CMRY,2023-12-22,Consumer Non-Cyclicals,Processed Foods,3800.00,3880.00,3800.00,3870.00,1006800,965,-805184000,-771838976
CNKO,2023-12-22,Energy,Coal,50.00,50.00,50.00,50.00,2000,1,100000,0
CNMA,2023-12-22,Consumer Cyclicals,Tourism & Recreation,252.00,258.00,250.00,256.00,11536400,468,-502494592,1578963968
CNTB,2023-12-22,Consumer Cyclicals,Apparel & Luxury Goods,250.00,250.00,250.00,250.00,0,0,0,0
CNTX,2023-12-22,Consumer Cyclicals,Apparel & Luxury Goods,122.00,122.00,122.00,122.00,100,1,0,0
COAL,2023-12-22,Energy,Coal,51.00,51.00,50.00,51.00,12876500,385,16683100,-20000000
COCO,2023-12-22,Consumer Non-Cyclicals,Processed Foods,160.00,177.00,160.00,169.00,62200,64,-3680500,875000
COWL,2023-12-22,Properties & Real Estate,Real Estate Management & Development,50.00,50.00,50.00,50.00,0,0,0,0
CPIN,2023-12-22,Consumer Non-Cyclicals,Agricultural Products,5050.00,5050.00,5000.00,5000.00,1057100,639,384062496,-494112512
CPRI,2023-12-22,Properties & Real Estate,Real Estate Management & Development,50.00,50.00,50.00,50.00,0,0,0,0
CPRO,2023-12-22,Consumer Non-Cyclicals,Agricultural Products,51.00,52.00,51.00,51.00,29654300,305,157180192,101928600
CRAB,2023-12-22,Consumer Non-Cyclicals,Agricultural Products,274.00,276.00,266.00,276.00,7006400,276,1469216384,149772608
CRSN,2023-12-22,Industrials,Professional Services,120.00,130.00,112.00,129.00,16803000,1047,367397312,63268400
CSAP,2023-12-22,Consumer Cyclicals,Specialty Retail,590.00,605.00,575.00,605.00,2400,8,60500,-423500
CSIS,2023-12-22,Properties & Real Estate,Real Estate Management & Development,50.00,50.00,50.00,50.00,168000,24,-4530000,0
CSMI,2023-12-22,Consumer Cyclicals,Tourism & Recreation,3190.00,3190.00,3190.00,3190.00,0,0,0,0
CSRA,2023-12-22,Consumer Non-Cyclicals,Agricultural Products,478.00,478.00,460.00,466.00,8500,47,-1334000,0
CTBN,2023-12-22,Basic Materials,Metals & Minerals,1200.00,1200.00,1200.00,1200.00,100,1,0,0
CTRA,2023-12-22,Properties & Real Estate,Real Estate Management & Development,1160.00,1165.00,1135.00,1155.00,10406000,1091,-4504041984,-312704992
CTTH,2023-12-22,Industrials,Building Products & Fixtures,12.00,14.00,12.00,14.00,5309100,115,2060800,0
CUAN,2023-12-22,Energy,Coal,13425.00,13425.00,13425.00,13425.00,0,0,0,0
CYBR,2023-12-22,Technology,IT Services & Consulting,188.00,199.00,187.00,196.00,7246800,445,745810304,201459200
DADA,2023-12-22,Properties & Real Estate,Real Estate Management & Development,12.00,12.00,12.00,12.00,500600,32,0,0
DART,2023-12-22,Properties & Real Estate,Real Estate Management & Development,128.00,128.00,126.00,127.00,18700,20,-203000,417900
DAYA,2023-12-22,Consumer Non-Cyclicals,Food & Staples Retailing,294.00,294.00,282.00,294.00,800,7,120000,0
DCII,2023-12-22,Technology,IT Services & Consulting,42850.00,43900.00,42800.00,43900.00,3000,17,-21347500,-8577500
DEAL,2023-12-22,Transportation & Logistic,Logistics & Deliveries,12.00,12.00,12.00,12.00,33984000,118,395516416,0
DEFI,2023-12-22,Financials,Consumer Financing,1455.00,1455.00,1455.00,1455.00,0,0,0,0
DEPO,2023-12-22,Consumer Cyclicals,Specialty Retail,376.00,376.00,368.00,370.00,52900,12,-18707000,150400
DEWA,2023-12-22,Energy,"Oil, Gas & Coal Supports",59.00,62.00,59.00,60.00,188568400,1416,-2746529280,1876807552
DEWI,2023-12-22,Consumer Non-Cyclicals,Agricultural Products,58.00,60.00,58.00,59.00,9384900,676,-92015600,0
DFAM,2023-12-22,Consumer Cyclicals,Tourism & Recreation,53.00,54.00,52.00,53.00,191400,15,-8252500,0
DGIK,2023-12-22,Infrastructures,Heavy Constructions & Civil Engineering,93.00,95.00,92.00,94.00,23335200,750,1268175360,54784800
DGNS,2023-12-22,Healthcare,Healthcare Providers,258.00,280.00,258.00,268.00,655500,150,7251200,34580400
DIGI,2023-12-22,Consumer Cyclicals,Media,13.00,13.00,13.00,13.00,98700,23,0,0
DILD,2023-12-22,Properties & Real Estate,Real Estate Management & Development,189.00,191.00,187.00,189.00,6955300,546,28305200,238099904
DIVA,2023-12-22,Technology,Online Applications & Services,222.00,224.00,212.00,224.00,79900,81,-9716200,22400
DKFT,2023-12-22,Basic Materials,Metals & Minerals,113.00,115.00,110.00,112.00,2715200,195,-88248600,6909000
DLTA,2023-12-22,Consumer Non-Cyclicals,Beverages,3530.00,3530.00,3490.00,3500.00,27900,41,14289000,45370000
DMAS,2023-12-22,Properties & Real Estate,Real Estate Management & Development,163.00,163.00,160.00,161.00,38329200,4435,-3233643008,-2704384512
DMMX,2023-12-22,Technology,IT Services & Consulting,254.00,262.00,250.00,252.00,721200,322,-91149400,-12954000
DMND,2023-12-22,Consumer Non-Cyclicals,Food & Staples Retailing,810.00,815.00,810.00,815.00,700,4,405000,324000
DNAR,2023-12-22,Financials,Banks,119.00,128.00,116.00,121.00,9493000,653,491163488,165269504
DNET,2023-12-22,Financials,Holding & Investment Companies,4750.00,4770.00,4700.00,4750.00,23900,20,52721000,-1427000
DOID,2023-12-22,Energy,"Oil, Gas & Coal Supports",352.00,356.00,344.00,344.00,18852500,728,-1104332032,-774481600
DOOH,2023-12-22,Consumer Cyclicals,Media,86.00,88.00,82.00,85.00,135339200,9128,6362091520,580633280
DPNS,2023-12-22,Basic Materials,Chemicals,442.00,458.00,442.00,446.00,18200,21,-4201600,0
DPUM,2023-12-22,Consumer Non-Cyclicals,Agricultural Products,40.00,40.00,40.00,40.00,616000,35,4752000,0
DRMA,2023-12-22,Consumer Cyclicals,Auto Components,1360.00,1385.00,1350.00,1355.00,936300,672,-464277504,-234252496
DSFI,2023-12-22,Consumer Non-Cyclicals,Agricultural Products,71.00,71.00,70.00,70.00,641900,49,6064600,0
DSNG,2023-12-22,Consumer Non-Cyclicals,Agricultural Products,550.00,555.00,545.00,550.00,48121300,2189,-3889033984,854069504
DSSA,2023-12-22,Energy,Coal,79750.00,80000.00,79750.00,80000.00,300,3,-8025000,23975000
DUCK,2023-12-22,Consumer Cyclicals,Tourism & Recreation,176.00,176.00,176.00,176.00,0,0,0,0
DUTI,2023-12-22,Properties & Real Estate,Real Estate Management & Development,4650.00,4650.00,4650.00,4650.00,0,0,0,0
DVLA,2023-12-22,Healthcare,Pharmaceuticals,1655.00,1660.00,1640.00,1645.00,35400,57,-42758000,-1158500
DWGL,2023-12-22,Energy,Coal,116.00,118.00,109.00,110.00,2300,6,215300,0
DYAN,2023-12-22,Industrials,Commercial Services,85.00,86.00,84.00,85.00,377000,50,-16112000,-84800
EAST,2023-12-22,Consumer Cyclicals,Tourism & Recreation,151.00,153.00,146.00,148.00,9120400,536,-1146259584,-11875800
ECII,2023-12-22,Consumer Cyclicals,Specialty Retail,288.00,288.00,284.00,288.00,21300,21,455800,1922600
EDGE,2023-12-22,Technology,IT Services & Consulting,5150.00,6000.00,5100.00,5475.00,695000,1556,163107504,12947500
EKAD,2023-12-22,Basic Materials,Chemicals,246.00,246.00,242.00,244.00,98200,105,-8531200,0
ELIT,2023-12-22,Technology,IT Services & Consulting,85.00,90.00,84.00,87.00,3473800,320,145711296,55243400
ELPI,2023-12-22,Transportation & Logistic,Logistics & Deliveries,290.00,290.00,280.00,288.00,11833500,2206,-2158688256,291005600
ELSA,2023-12-22,Energy,"Oil, Gas & Coal Supports",390.00,396.00,388.00,390.00,17320900,1115,-764644416,440754208
ELTY,2023-12-22,Properties & Real Estate,Real Estate Management & Development,50.00,50.00,50.00,50.00,100,1,5000,0
EMDE,2023-12-22,Properties & Real Estate,Real Estate Management & Development,120.00,122.00,117.00,122.00,8400,17,519700,36000
EMTK,2023-12-22,Technology,Online Applications & Services,555.00,570.00,540.00,545.00,11602800,3225,-2160442880,-1046780032
ENAK,2023-12-22,Consumer Cyclicals,Tourism & Recreation,1305.00,1305.00,1300.00,1300.00,30700,20,-33660500,32500000
ENRG,2023-12-22,Energy,Oil & Gas,224.00,226.00,220.00,220.00,13515000,826,1088691584,-83405800
ENVY,2023-12-22,Technology,IT Services & Consulting,50.00,50.00,50.00,50.00,0,0,0,0
ENZO,2023-12-22,Consumer Non-Cyclicals,Agricultural Products,50.00,50.00,50.00,50.00,200,2,10000,0
EPAC,2023-12-22,Basic Materials,Containers & Packaging,9.00,9.00,9.00,9.00,3641000,61,22120200,0
EPMT,2023-12-22,Consumer Non-Cyclicals,Food & Staples Retailing,2600.00,2610.00,2550.00,2600.00,4100,13,-1767000,0
ERAA,2023-12-22,Consumer Cyclicals,Specialty Retail,418.00,424.00,404.00,404.00,64365100,6201,-7439476224,-2522272512
ERAL,2023-12-22,Consumer Cyclicals,Specialty Retail,318.00,318.00,308.00,308.00,4379600,258,-129241800,214035600
ERTX,2023-12-22,Consumer Cyclicals,Apparel & Luxury Goods,238.00,254.00,238.00,250.00,2153500,144,351062592,-36987000
ESIP,2023-12-22,Basic Materials,Containers & Packaging,50.00,50.00,50.00,50.00,200,1,10000,0
ESSA,2023-12-22,Basic Materials,Chemicals,515.00,525.00,510.00,510.00,11959100,1379,-2384163072,-279535008
ESTA,2023-12-22,Consumer Cyclicals,Tourism & Recreation,90.00,95.00,90.00,93.00,22040100,1143,-306919808,62865500
ESTI,2023-12-22,Consumer Cyclicals,Apparel & Luxury Goods,50.00,51.00,50.00,51.00,105800,37,-4637400,0
ETWA,2023-12-22,Basic Materials,Chemicals,99.00,99.00,90.00,97.00,5500,13,159500,0
EURO,2023-12-22,Consumer Non-Cyclicals,Personal Care Products,128.00,128.00,128.00,128.00,749400,48,-95923200,0
EXCL,2023-12-22,Infrastructures,Wireless Telecommunication Services,1985.00,2040.00,1975.00,2010.00,39439900,4670,-11039946752,-20528553984
FAPA,2023-12-22,Consumer Non-Cyclicals,Agricultural Products,5300.00,5300.00,5300.00,5300.00,3600,3,19080000,19080000
FAST,2023-12-22,Consumer Cyclicals,Tourism & Recreation,740.00,780.00,740.00,760.00,4700,19,158500,0
FASW,2023-12-22,Basic Materials,Containers & Packaging,5800.00,5800.00,5800.00,5800.00,0,0,0,0
FILM,2023-12-22,Consumer Cyclicals,Entertainment & Movie Production,3670.00,3760.00,3600.00,3750.00,5089700,5478,-10026206208,702753984
FIMP,2023-12-22,Infrastructures,Heavy Constructions & Civil Engineering,73.00,74.00,73.00,74.00,39900,10,-2743900,0
FINN,2021-05-04,Financials,Consumer Financing,50.00,50.00,50.00,50.00,0,0,0,0
FIRE,2023-12-22,Energy,Coal,106.00,121.00,106.00,114.00,8172500,911,-416023488,49026200
FISH,2023-12-22,Consumer Non-Cyclicals,Agricultural Products,5450.00,5450.00,5450.00,5450.00,0,0,0,0
FITT,2023-12-22,Consumer Cyclicals,Tourism & Recreation,530.00,530.00,525.00,525.00,144900,23,23707500,0
FLMC,2023-12-22,Consumer Non-Cyclicals,Personal Care Products,79.00,79.00,79.00,79.00,0,0,0,0
FMII,2023-12-22,Properties & Real Estate,Real Estate Management & Development,322.00,338.00,318.00,326.00,72200,77,11909600,-323000
FOLK,2023-12-22,Industrials,Multi-sector Holdings,61.00,61.00,59.00,60.00,1350800,77,-8962000,-4338000
FOOD,2023-12-22,Consumer Non-Cyclicals,Processed Foods,101.00,101.00,99.00,100.00,13900,20,-13200,0
FORU,2023-12-22,Consumer Cyclicals,Media,148.00,148.00,137.00,137.00,64000,39,-3543100,0
FORZ,2023-12-22,Properties & Real Estate,Real Estate Management & Development,50.00,50.00,50.00,50.00,0,0,0,0
FPNI,2023-12-22,Basic Materials,Chemicals,204.00,204.00,199.00,202.00,2261500,172,38412600,213050592
FREN,2023-12-22,Infrastructures,Wireless Telecommunication Services,50.00,50.00,50.00,50.00,12749200,588,608275008,94290000
FUJI,2023-12-22,Financials,Consumer Financing,262.00,268.00,254.00,254.00,3600,5,-835600,0
FUTR,2023-12-22,Consumer Cyclicals,Media,50.00,50.00,50.00,50.00,299000,24,10150000,0
FWCT,2023-12-22,Basic Materials,Forestry & Paper,72.00,74.00,72.00,73.00,4232600,328,-31598800,13973500
GAMA,2023-12-22,Properties & Real Estate,Real Estate Management & Development,18.00,18.00,18.00,18.00,0,0,0,0
GB05,2021-12-03,,,0.00,0.00,0.00,0.00,0,0,0,0
GB10,2021-12-03,,,0.00,0.00,0.00,0.00,0,0,0,0
GDST,2023-12-22,Basic Materials,Metals & Minerals,127.00,133.00,127.00,130.00,1386900,104,-156844704,0
GDYR,2023-12-22,Consumer Cyclicals,Auto Components,1420.00,1420.00,1420.00,1420.00,0,0,0,0
GEMA,2023-12-22,Consumer Cyclicals,Household Goods,238.00,238.00,222.00,238.00,11000,11,2238600,-166600
GEMS,2023-12-22,Energy,Coal,5825.00,5850.00,5775.00,5800.00,99600,215,-226064992,-207535008
GGRM,2023-12-22,Consumer Non-Cyclicals,Tobacco,20200.00,20475.00,20125.00,20125.00,813700,939,3514277376,-3516117504
GGRP,2023-12-22,Basic Materials,Metals & Minerals,456.00,480.00,448.00,466.00,1074000,102,289206592,-12575800
GHON,2023-12-22,Infrastructures,Wireless Telecommunication Services,1835.00,1840.00,1835.00,1835.00,3000,4,364000,0
GIAA,2023-12-22,Transportation & Logistic,Airlines,63.00,71.00,63.00,71.00,63734000,1800,-406962304,-130363296
GJTL,2023-12-22,Consumer Cyclicals,Auto Components,1095.00,1125.00,1070.00,1085.00,51070300,7028,-6158603776,-4715223552
GLOB,2023-12-22,Consumer Cyclicals,Specialty Retail,104.00,112.00,102.00,112.00,11700,12,-881100,10300
GLVA,2023-12-22,Technology,"Electronic Equipment, Instruments & Compo",600.00,730.00,580.00,680.00,269300,287,86725504,-13648500
GMFI,2023-12-22,Infrastructures,Transport Infrastructure Operator,70.00,78.00,70.00,78.00,1177600,67,-16632700,-177100
GMTD,2023-12-22,Properties & Real Estate,Real Estate Management & Development,23875.00,23875.00,23875.00,23875.00,0,0,0,0
GOLD,2023-12-22,Infrastructures,Wireless Telecommunication Services,278.00,342.00,278.00,342.00,1126400,592,-84233600,-5240200
GOLL,2023-12-22,Consumer Non-Cyclicals,Agricultural Products,50.00,50.00,50.00,50.00,0,0,0,0
GOOD,2023-12-22,Consumer Non-Cyclicals,Processed Foods,412.00,414.00,410.00,412.00,927300,128,331867392,0
GOTO,2023-12-22,Technology,Online Applications & Services,90.00,90.00,86.00,86.00,1601574656,15130,-50085920768,1231945728
GPRA,2023-12-22,Properties & Real Estate,Real Estate Management & Development,95.00,97.00,93.00,94.00,2350100,107,-14749400,69828496
GPSO,2023-12-22,Industrials,Machinery,140.00,143.00,137.00,141.00,190500,103,11026200,-6050900
GRIA,2023-12-22,Properties & Real Estate,Real Estate Management & Development,118.00,118.00,117.00,117.00,577600,21,-67148600,-306800
GRPM,2023-12-22,Consumer Non-Cyclicals,Beverages,50.00,50.00,48.00,50.00,333800,101,-11596300,0
GSMF,2023-12-22,Financials,Holding & Investment Companies,60.00,75.00,59.00,62.00,3332700,510,19647000,-3304700
GTBO,2023-12-22,Energy,Coal,410.00,490.00,404.00,440.00,16759500,7086,-1468330624,-109838200
GTRA,2023-12-22,Transportation & Logistic,Logistics & Deliveries,326.00,328.00,326.00,328.00,33443000,7550,-9191587840,1464083456
GTSI,2023-12-22,Energy,Oil & Gas,50.00,50.00,50.00,50.00,34600,17,1730000,0
GULA,2023-12-22,Consumer Non-Cyclicals,Processed Foods,308.00,310.00,304.00,308.00,4446900,604,10115000,45687200
GWSA,2023-12-22,Consumer Cyclicals,Tourism & Recreation,153.00,155.00,152.00,153.00,222200,39,23011200,0
GZCO,2023-12-22,Consumer Non-Cyclicals,Agricultural Products,122.00,138.00,120.00,124.00,121651104,9957,-4589538816,230511600
HADE,2023-12-22,Infrastructures,Gas Utilities,4.00,4.00,4.00,4.00,87300,19,1600,0
HAIS,2023-12-22,Transportation & Logistic,Logistics & Deliveries,222.00,228.00,212.00,212.00,6600300,954,-709955584,-471800
HAJJ,2023-12-22,Consumer Cyclicals,Tourism & Recreation,127.00,129.00,127.00,128.00,444000,115,12135300,0
HALO,2023-12-22,Healthcare,Healthcare Equipment & Supplies,51.00,51.00,50.00,51.00,26733400,956,-26992500,-5000000
HATM,2023-12-22,Transportation & Logistic,Logistics & Deliveries,272.00,274.00,268.00,274.00,82300496,3193,19325163520,3514067200
HBAT,2023-12-22,Properties & Real Estate,Real Estate Management & Development,43.00,45.00,41.00,44.00,1114600,112,45339400,0
HDFA,2023-12-22,Financials,Consumer Financing,101.00,115.00,97.00,102.00,270400,216,10073500,-255700
HDIT,2023-12-22,Technology,Online Applications & Services,50.00,50.00,50.00,50.00,300,3,15000,0
HDTX,2023-12-22,Consumer Cyclicals,Apparel & Luxury Goods,120.00,120.00,120.00,120.00,0,0,0,0
HEAL,2023-12-22,Healthcare,Healthcare Providers,1470.00,1480.00,1450.00,1475.00,2440300,2021,-203534496,-530492992
HELI,2023-12-22,Transportation & Logistic,Airlines,334.00,352.00,334.00,352.00,2285200,1256,392891392,14669200
HERO,2023-12-22,Consumer Non-Cyclicals,Food & Staples Retailing,900.00,915.00,900.00,900.00,18700,59,8488000,-2776000
HEXA,2023-12-22,Industrials,Machinery,5400.00,5425.00,5400.00,5400.00,85100,153,-33072500,51905000
HILL,2023-12-22,Energy,"Oil, Gas & Coal Supports",2390.00,2400.00,2380.00,2390.00,583200,112,-635363008,-138752992
HITS,2023-12-22,Energy,Oil & Gas,390.00,398.00,372.00,378.00,19300,36,-2898600,0
HKMU,2023-12-22,Basic Materials,Metals & Minerals,50.00,50.00,50.00,50.00,0,0,0,0
HMSP,2023-12-22,Consumer Non-Cyclicals,Tobacco,880.00,895.00,875.00,885.00,14596500,1813,5114792960,-75110000
HOKI,2023-12-22,Consumer Non-Cyclicals,Processed Foods,176.00,182.00,175.00,179.00,17455300,1396,-679257792,-32081800
HOME,2023-12-22,Consumer Cyclicals,Tourism & Recreation,50.00,50.00,50.00,50.00,0,0,0,0
HOMI,2023-12-22,Properties & Real Estate,Real Estate Management & Development,222.00,222.00,204.00,218.00,77200,56,-7456400,0
HOPE,2023-12-22,Industrials,Machinery,56.00,61.00,53.00,56.00,7054700,588,15524300,0
HOTL,2023-12-22,Consumer Cyclicals,Tourism & Recreation,50.00,50.00,50.00,50.00,0,0,0,0
HRME,2023-12-22,Consumer Cyclicals,Tourism & Recreation,50.00,50.00,50.00,50.00,0,0,0,0
HRTA,2023-12-22,Consumer Cyclicals,Apparel & Luxury Goods,344.00,352.00,344.00,346.00,5480100,529,318445184,309838208
HRUM,2023-12-22,Energy,Coal,1310.00,1320.00,1295.00,1305.00,3652000,992,-780449024,-360568512
HUMI,2023-12-22,Energy,Oil & Gas,174.00,174.00,141.00,142.00,165820096,10181,-576819328,-11098182656
IATA,2023-12-22,Energy,Coal,50.00,50.00,50.00,50.00,1353100,32,67655000,0
IBFN,2023-12-22,Industrials,Machinery,18.00,18.00,18.00,18.00,0,0,0,0
IBOS,2023-12-22,Consumer Non-Cyclicals,Processed Foods,424.00,444.00,400.00,400.00,4334700,340,1580656256,0
IBST,2023-12-22,Infrastructures,Wireless Telecommunication Services,5600.00,5600.00,5600.00,5600.00,0,0,0,0
ICBP,2023-12-22,Consumer Non-Cyclicals,Processed Foods,10575.00,10625.00,10475.00,10525.00,1311300,1007,2050295040,-2684837376
ICON,2023-12-22,Industrials,Commercial Services,50.00,50.00,50.00,50.00,21500,4,1075000,0
IDEA,2023-12-22,Consumer Cyclicals,Education & Support Services,45.00,51.00,45.00,48.00,2557000,144,46121000,0
IDPR,2023-12-22,Infrastructures,Heavy Constructions & Civil Engineering,139.00,140.00,138.00,138.00,86900,11,-7520400,-1518000
IFII,2023-12-22,Basic Materials,Forestry & Paper,146.00,160.00,146.00,149.00,85900,88,7115200,-90400
IFSH,2023-12-22,Basic Materials,Metals & Minerals,870.00,870.00,870.00,870.00,500,3,-87000,0
IGAR,2023-12-22,Basic Materials,Containers & Packaging,440.00,442.00,438.00,442.00,12600,7,4229400,3916000
IIKP,2023-12-22,Consumer Cyclicals,Sport Equipment & Hobbies Goods,50.00,50.00,50.00,50.00,0,0,0,0
IKAI,2023-12-22,Industrials,Building Products & Fixtures,50.00,50.00,50.00,50.00,0,0,0,0
IKAN,2023-12-22,Consumer Non-Cyclicals,Agricultural Products,50.00,50.00,50.00,50.00,4500,7,225000,0
IKBI,2023-12-22,Industrials,Electrical,460.00,460.00,450.00,460.00,77200,22,14265800,3780000
IKPM,2023-12-22,Healthcare,Pharmaceuticals,202.00,212.00,200.00,208.00,13360400,954,-250556000,1632000
IMAS,2023-12-22,Consumer Cyclicals,Specialty Retail,1610.00,1820.00,1430.00,1450.00,52644400,19589,-14782445568,-2155834624
IMJS,2023-12-22,Transportation & Logistic,Passenger Land Transportation,350.00,374.00,304.00,304.00,156392704,17497,-2369422336,6333800
IMPC,2023-12-22,Industrials,Building Products & Fixtures,378.00,386.00,378.00,386.00,10888800,379,-2466439680,1150461184
INAF,2023-12-22,Healthcare,Pharmaceuticals,665.00,685.00,615.00,640.00,2798700,1136,292832512,23010000
INAI,2023-12-22,Basic Materials,Metals & Minerals,192.00,204.00,192.00,200.00,64000,8,439200,0
INCF,2023-12-22,Basic Materials,Forestry & Paper,50.00,50.00,50.00,50.00,30000,1,1500000,0
INCI,2023-12-22,Basic Materials,Chemicals,550.00,550.00,535.00,545.00,10200,16,-4170500,0
INCO,2023-12-22,Basic Materials,Metals & Minerals,4270.00,4330.00,4260.00,4270.00,6202800,2468,-2882196992,-4080822016
INDF,2023-12-22,Consumer Non-Cyclicals,Processed Foods,6300.00,6350.00,6275.00,6275.00,6712600,2012,-5946292736,-11577780224
INDO,2023-12-22,Properties & Real Estate,Real Estate Management & Development,90.00,98.00,90.00,91.00,9416200,201,425662784,-104651200
INDR,2023-12-22,Consumer Cyclicals,Apparel & Luxury Goods,3020.00,3060.00,3020.00,3030.00,7800,14,13278000,9966000
INDS,2023-12-22,Consumer Cyclicals,Auto Components,2520.00,2530.00,2450.00,2490.00,24400,41,-6428000,3357000
INDX,2023-12-22,Industrials,Professional Services,118.00,121.00,116.00,116.00,240800,94,-18279500,0
INDY,2023-12-22,Energy,Coal,1470.00,1470.00,1450.00,1450.00,4335400,1536,-2184686592,-1800146560
INET,2023-12-22,Infrastructures,Telecommunication Service,83.00,83.00,79.00,83.00,88264496,6627,5691060736,-85895400
INKP,2023-12-22,Basic Materials,Forestry & Paper,8325.00,8475.00,8300.00,8350.00,2888200,3994,4590687744,-2894595072
INOV,2023-12-22,Consumer Cyclicals,Apparel & Luxury Goods,177.00,178.00,170.00,178.00,447000,29,-63350100,72294000
INPC,2023-12-22,Financials,Banks,74.00,75.00,73.00,75.00,1314600,169,11337600,21513700
INPP,2023-12-22,Properties & Real Estate,Real Estate Management & Development,720.00,725.00,710.00,725.00,1759400,242,1257447040,426000
INPS,2023-12-22,Energy,Oil & Gas,166.00,169.00,163.00,166.00,99400,73,904900,164900
INRU,2023-12-22,Basic Materials,Forestry & Paper,1135.00,1235.00,960.00,1005.00,178200,304,33812000,-697500
INTA,2023-12-22,Industrials,Machinery,50.00,50.00,50.00,50.00,0,0,0,0
INTD,2023-12-22,Basic Materials,Forestry & Paper,143.00,143.00,143.00,143.00,100,1,14300,0
INTP,2023-12-22,Basic Materials,Construction Materials,9200.00,9325.00,9175.00,9275.00,608300,576,-296487488,1867512448
IOTF,2023-12-22,Technology,"Electronic Equipment, Instruments & Compo",152.00,154.00,114.00,153.00,173627296,8259,16469426176,-1130155136
IPAC,2023-12-22,Properties & Real Estate,Real Estate Management & Development,96.00,109.00,96.00,109.00,31400,24,3039800,0
IPCC,2023-12-22,Infrastructures,Transport Infrastructure Operator,725.00,725.00,715.00,720.00,3481900,613,31213500,-49817000
IPCM,2023-12-22,Infrastructures,Transport Infrastructure Operator,278.00,282.00,278.00,280.00,466000,126,-46243400,-31500000
IPOL,2023-12-22,Basic Materials,Containers & Packaging,150.00,150.00,150.00,150.00,27200,5,-4080000,-1005000
IPPE,2023-12-22,Consumer Non-Cyclicals,Agricultural Products,50.00,50.00,50.00,50.00,56900,5,2845000,0
IPTV,2023-12-22,Consumer Cyclicals,Media,50.00,50.00,50.00,50.00,27000,16,1300000,0
IRRA,2023-12-22,Healthcare,Healthcare Equipment & Supplies,770.00,915.00,710.00,790.00,84599600,22454,-1426075008,-1702047488
IRSX,2023-12-22,Technology,Software,50.00,51.00,50.00,50.00,1689600,164,41187700,-250000
ISAP,2023-12-22,Consumer Cyclicals,Auto Components,11.00,11.00,9.00,11.00,8345500,138,-76571200,0
ISAT,2023-12-22,Infrastructures,Wireless Telecommunication Services,9400.00,9450.00,9250.00,9400.00,2460800,1217,3369782528,-3622479872
ISSP,2023-12-22,Basic Materials,Metals & Minerals,288.00,290.00,284.00,286.00,1102300,166,-9007200,-8517400
ITIC,2023-12-22,Consumer Non-Cyclicals,Tobacco,298.00,304.00,294.00,300.00,434700,147,-12978400,44438400
ITMA,2023-12-22,Energy,"Oil, Gas & Coal Supports",670.00,685.00,535.00,595.00,2771500,1426,-248457504,27231000
ITMG,2023-12-22,Energy,Coal,25100.00,25400.00,24900.00,25350.00,616800,1452,2374739968,4536317440
JARR,2023-12-22,Consumer Non-Cyclicals,Agricultural Products,234.00,234.00,210.00,222.00,8048500,987,44812200,156041200
JAST,2023-12-22,Infrastructures,Telecommunication Service,50.00,50.00,50.00,50.00,39100,11,1950000,0
JATI,2023-12-22,Technology,Online Applications & Services,50.00,50.00,50.00,50.00,114000,38,5700000,-4450000
JAWA,2023-12-22,Consumer Non-Cyclicals,Agricultural Products,130.00,134.00,121.00,127.00,981900,337,-26208200,8032400
JAYA,2023-12-22,Transportation & Logistic,Logistics & Deliveries,113.00,115.00,112.00,113.00,754800,129,-62519500,0
JECC,2023-12-22,Industrials,Electrical,2430.00,2430.00,2430.00,2430.00,0,0,0,0
JGLE,2023-12-22,Consumer Cyclicals,Tourism & Recreation,50.00,50.00,50.00,50.00,0,0,0,0
JIHD,2023-12-22,Consumer Cyclicals,Tourism & Recreation,390.00,398.00,372.00,398.00,53300,22,-13368600,315600
JKON,2023-12-22,Infrastructures,Heavy Constructions & Civil Engineering,89.00,91.00,88.00,88.00,4434800,347,-152063600,-72713400
JKSW,2023-12-22,Basic Materials,Construction Materials,60.00,60.00,60.00,60.00,0,0,0,0
JMAS,2023-12-22,Financials,Insurance,60.00,60.00,57.00,57.00,868800,112,-28894700,0
JPFA,2023-12-22,Consumer Non-Cyclicals,Agricultural Products,1190.00,1195.00,1185.00,1195.00,2353400,1170,617200512,718451520
JRPT,2023-12-22,Properties & Real Estate,Real Estate Management & Development,690.00,695.00,680.00,685.00,1133000,56,-289236992,-415144512
JSKY,2023-12-22,Energy,Alternative Energy Equipment,52.00,52.00,52.00,52.00,0,0,0,0
JSMR,2023-12-22,Infrastructures,Transport Infrastructure Operator,4770.00,4800.00,4730.00,4790.00,1348900,756,1759154048,81705000
JSPT,2023-12-22,Consumer Cyclicals,Tourism & Recreation,1240.00,1240.00,1240.00,1240.00,100,1,0,0
JTPE,2023-12-22,Industrials,Commercial Services,306.00,310.00,290.00,302.00,54475200,2249,-7983774720,159652800
KAEF,2023-12-22,Healthcare,Pharmaceuticals,1520.00,1735.00,1450.00,1525.00,100276896,30870,-6249518080,-67732496
KARW,2023-12-22,Infrastructures,Transport Infrastructure Operator,50.00,50.00,50.00,50.00,124500,12,-3775000,0
KAYU,2023-12-22,Basic Materials,Forestry & Paper,330.00,434.00,330.00,330.00,12488900,2988,-58665200,-1796856960
KBAG,2023-12-22,Properties & Real Estate,Real Estate Management & Development,50.00,50.00,50.00,50.00,2100,3,105000,0
KBLI,2023-12-22,Industrials,Electrical,334.00,340.00,328.00,340.00,960800,86,193285792,2726600
KBLM,2023-12-22,Industrials,Electrical,268.00,278.00,266.00,276.00,315000,31,-21698000,-29338800
KBLV,2023-12-22,Infrastructures,Telecommunication Service,73.00,73.00,69.00,69.00,46000,41,-6100,0
KBRI,2023-12-22,Basic Materials,Forestry & Paper,50.00,50.00,50.00,50.00,0,0,0,0
KDSI,2023-12-22,Basic Materials,Containers & Packaging,1700.00,1720.00,1700.00,1700.00,21900,13,14771000,0
KDTN,2023-12-22,Consumer Cyclicals,Tourism & Recreation,115.00,116.00,112.00,116.00,78600,29,-2018400,0
KEEN,2023-12-22,Infrastructures,Electric Utilities,755.00,755.00,735.00,755.00,2491700,351,7600000,935127488
KEJU,2023-12-22,Consumer Non-Cyclicals,Processed Foods,1140.00,1140.00,1140.00,1140.00,11600,8,12198000,0
KETR,2023-12-22,Infrastructures,Telecommunication Service,226.00,244.00,224.00,226.00,1535100,209,-47578600,39946800
KIAS,2023-12-22,Industrials,Building Products & Fixtures,14.00,15.00,14.00,15.00,1088000,12,10273500,0
KICI,2023-12-22,Consumer Cyclicals,Household Goods,137.00,137.00,134.00,137.00,10200,7,-738900,0
KIJA,2023-12-22,Properties & Real Estate,Real Estate Management & Development,130.00,130.00,127.00,130.00,70388400,408,-8121387008,305054592
KING,2023-12-22,Industrials,Professional Services,103.00,105.00,102.00,105.00,1347700,67,-85861200,0
KINO,2023-12-22,Consumer Non-Cyclicals,Personal Care Products,1275.00,1295.00,1255.00,1260.00,36200,53,-26602500,1380500
KIOS,2023-12-22,Technology,Online Applications & Services,51.00,51.00,50.00,51.00,776900,38,-36289600,0
KJEN,2023-12-22,Transportation & Logistic,Logistics & Deliveries,83.00,86.00,80.00,85.00,1408400,205,2149400,13204600
KKES,2023-12-22,Basic Materials,Chemicals,50.00,50.00,50.00,50.00,300,3,15000,0
KKGI,2023-12-22,Energy,Coal,362.00,368.00,362.00,368.00,932700,234,86491400,-20770000
KLAS,2023-12-22,Transportation & Logistic,Logistics & Deliveries,80.00,92.00,80.00,84.00,6759200,667,-402690816,16889800
KLBF,2023-12-22,Healthcare,Pharmaceuticals,1605.00,1620.00,1585.00,1585.00,24334200,3814,-7569740288,-12107770880
KLIN,2023-12-22,Consumer Cyclicals,Specialty Retail,30.00,30.00,28.00,29.00,147100,43,887100,0
KMDS,2023-12-22,Consumer Non-Cyclicals,Food & Staples Retailing,420.00,432.00,402.00,428.00,355100,113,-139366000,0
KMTR,2023-12-22,Basic Materials,Forestry & Paper,274.00,284.00,274.00,278.00,2100,6,-24200,0
KOBX,2023-12-22,Industrials,Machinery,149.00,160.00,149.00,156.00,102500,40,7471400,0
KOCI,2023-12-22,Properties & Real Estate,Real Estate Management & Development,50.00,50.00,50.00,50.00,5300,9,265000,0
KOIN,2023-12-22,Industrials,Building Products & Fixtures,75.00,75.00,75.00,75.00,7900,4,-52500,0
KOKA,2023-12-22,Infrastructures,Heavy Constructions & Civil Engineering,50.00,50.00,50.00,50.00,1271000,131,12050000,0
KONI,2023-12-22,Industrials,Commercial Services,1100.00,1100.00,1100.00,1100.00,600,2,-660000,0
KOPI,2023-12-22,Energy,Oil & Gas,396.00,418.00,380.00,408.00,1800,11,10200,0
KOTA,2023-12-22,Consumer Cyclicals,Tourism & Recreation,50.00,50.00,50.00,50.00,700,1,35000,0
KPAL,2023-12-22,Industrials,Machinery,50.00,50.00,50.00,50.00,0,0,0,0
KPAS,2023-12-22,Consumer Non-Cyclicals,Personal Care Products,62.00,62.00,62.00,62.00,0,0,0,0
KPIG,2023-12-22,Consumer Cyclicals,Tourism & Recreation,62.00,63.00,61.00,63.00,7786300,154,22250200,117431800
KRAH,2023-12-22,Industrials,Machinery,436.00,436.00,436.00,436.00,0,0,0,0
KRAS,2023-12-22,Basic Materials,Metals & Minerals,142.00,145.00,142.00,144.00,3189300,407,-394707008,-255840992
KREN,2023-12-22,Technology,Online Applications & Services,50.00,50.00,50.00,50.00,958100,86,47905000,47880000
KRYA,2023-12-22,Infrastructures,Heavy Constructions & Civil Engineering,57.00,57.00,55.00,57.00,1109300,196,5787700,0
KUAS,2023-12-22,Industrials,Building Products & Fixtures,50.00,51.00,50.00,50.00,53700,15,-2392100,-5000
LABA,2023-12-22,Industrials,Machinery,50.00,50.00,50.00,50.00,1300,4,65000,0
LAJU,2023-12-22,Transportation & Logistic,Logistics & Deliveries,61.00,63.00,59.00,60.00,11161100,778,-273458816,0
LAND,2023-12-22,Properties & Real Estate,Real Estate Management & Development,12.00,12.00,12.00,12.00,10672800,174,83851200,-35172000
LAPD,2023-12-22,Infrastructures,Electric Utilities,5.00,5.00,5.00,5.00,1206800,85,-1312500,0
LCGP,2023-12-22,Properties & Real Estate,Real Estate Management & Development,114.00,114.00,114.00,114.00,0,0,0,0
LCKM,2023-12-22,Infrastructures,Wireless Telecommunication Services,288.00,288.00,286.00,286.00,10100,4,0,-2908600
LEAD,2023-12-22,Energy,Oil & Gas,55.00,61.00,54.00,57.00,27931900,1605,-275923712,-96203296
LFLO,2023-12-22,Consumer Cyclicals,Household Goods,65.00,66.00,59.00,59.00,1402000,2614,11422600,0
LIFE,2023-12-22,Financials,Insurance,6025.00,6025.00,6025.00,6025.00,10100,3,0,60250000
LINK,2023-12-22,Infrastructures,Telecommunication Service,1340.00,1340.00,1300.00,1300.00,3100,8,-1707500,-797500
LION,2023-12-22,Industrials,Commercial Services,600.00,600.00,565.00,575.00,53900,37,-24315500,2224500
LMAS,2023-12-22,Technology,IT Services & Consulting,50.00,50.00,50.00,50.00,0,0,0,0
LMAX,2023-12-22,Consumer Cyclicals,Auto Components,133.00,142.00,133.00,141.00,741100,168,34895300,0
LMPI,2023-12-22,Consumer Cyclicals,Household Goods,113.00,116.00,110.00,115.00,78800,22,-8394700,0
LMSH,2023-12-22,Basic Materials,Metals & Minerals,440.00,440.00,440.00,440.00,0,0,0,0
LOPI,2023-12-22,Transportation & Logistic,Logistics & Deliveries,66.00,69.00,64.00,66.00,282100,73,-14663400,0
LPCK,2023-12-22,Properties & Real Estate,Real Estate Management & Development,710.00,725.00,710.00,720.00,82800,29,-26505500,33624000
LPGI,2023-12-22,Financials,Insurance,4000.00,4000.00,3890.00,3990.00,500,5,-368000,0
LPIN,2023-12-22,Consumer Cyclicals,Auto Components,364.00,364.00,350.00,362.00,32400,33,-2747600,0
LPKR,2023-12-22,Properties & Real Estate,Real Estate Management & Development,85.00,85.00,81.00,84.00,13690400,962,76603400,572259008
LPLI,2023-12-22,Properties & Real Estate,Real Estate Management & Development,238.00,238.00,230.00,230.00,32200,19,-6766200,-495600
LPPF,2023-12-22,Consumer Cyclicals,Department Stores,1620.00,1920.00,1620.00,1775.00,16066200,7210,-2801171456,378727008
LPPS,2023-12-22,Financials,Holding & Investment Companies,64.00,66.00,63.00,66.00,132300,25,-2616000,-46400
LRNA,2023-12-22,Transportation & Logistic,Passenger Land Transportation,190.00,190.00,186.00,188.00,70200,23,5354600,0
LSIP,2023-12-22,Consumer Non-Cyclicals,Agricultural Products,880.00,885.00,870.00,880.00,4043200,980,-1927684992,-411884992
LTLS,2023-12-22,Basic Materials,Chemicals,1340.00,1340.00,1305.00,1330.00,669900,134,-413146496,119716496
LUCK,2023-12-22,Technology,Computer Hardware,78.00,78.00,72.00,74.00,803400,329,17278000,0
LUCY,2023-12-22,Consumer Cyclicals,Tourism & Recreation,135.00,143.00,134.00,139.00,62700,63,1798900,0
MABA,2023-12-22,Consumer Cyclicals,Tourism & Recreation,50.00,50.00,50.00,50.00,0,0,0,0
MAGP,2023-12-22,Consumer Non-Cyclicals,Agricultural Products,50.00,50.00,50.00,50.00,0,0,0,0
MAHA,2023-12-22,Energy,Coal,194.00,197.00,193.00,195.00,7140500,596,-272255392,-89692000
MAIN,2023-12-22,Consumer Non-Cyclicals,Agricultural Products,540.00,545.00,530.00,540.00,1327300,142,164104000,22948000
MAMI,2023-12-22,Consumer Cyclicals,Tourism & Recreation,50.00,50.00,50.00,50.00,0,0,0,0
MAMIP,2023-12-22,Consumer Cyclicals,Tourism & Recreation,600.00,600.00,600.00,600.00,0,0,0,0
MAPA,2023-12-22,Consumer Cyclicals,Specialty Retail,800.00,810.00,790.00,800.00,12016800,525,-2846052608,3931292416
MAPB,2023-12-22,Consumer Cyclicals,Tourism & Recreation,1990.00,1990.00,1990.00,1990.00,1200,4,-796000,-1194000
MAPI,2023-12-22,Consumer Cyclicals,Specialty Retail,1720.00,1785.00,1720.00,1765.00,15206000,3130,7417754624,13166145536
MARI,2023-12-22,Consumer Cyclicals,Media,50.00,51.00,50.00,50.00,17759700,408,256669104,-48010000
MARK,2023-12-22,Industrials,Machinery,615.00,640.00,615.00,630.00,26528100,1018,-10743223296,2871061504
MASA,2023-12-22,Consumer Cyclicals,Auto Components,4050.00,4150.00,3990.00,4010.00,8000,25,-12729000,-13633000
MASB,2023-12-22,Financials,Banks,3530.00,3530.00,3520.00,3520.00,16300,4,-18696000,0
MAXI,2023-12-22,Consumer Non-Cyclicals,Processed Foods,50.00,50.00,50.00,50.00,1956000,54,70350000,0
MAYA,2023-12-22,Financials,Banks,406.00,406.00,400.00,404.00,473100,72,-90049400,4546200
MBAP,2023-12-22,Energy,Coal,4240.00,4280.00,4220.00,4220.00,20100,61,-24887000,-23740000
MBMA,2023-12-22,Basic Materials,Metals & Minerals,545.00,560.00,535.00,545.00,42249700,2427,-185766000,-623134528
MBSS,2023-12-22,Energy,Coal,1205.00,1220.00,1200.00,1205.00,3600,11,-3358000,0
MBTO,2023-12-22,Consumer Non-Cyclicals,Personal Care Products,98.00,103.00,98.00,100.00,610600,162,-32062200,0
MCAS,2023-12-22,Technology,Online Applications & Services,3890.00,3900.00,3790.00,3850.00,55100,135,-86421000,119856000
MCOL,2023-12-22,Energy,Coal,5400.00,5500.00,5375.00,5500.00,225100,72,-430510016,0
MCOR,2023-12-22,Financials,Banks,78.00,79.00,78.00,78.00,2973000,93,-11206500,0
MDIA,2023-12-22,Consumer Cyclicals,Media,50.00,50.00,50.00,50.00,0,0,0,0
MDKA,2023-12-22,Basic Materials,Metals & Minerals,2600.00,2760.00,2580.00,2720.00,97661504,13877,30922870784,-94828871680
MDKI,2023-12-22,Basic Materials,Chemicals,200.00,200.00,198.00,198.00,231300,46,2059900,-20000000
MDLN,2023-12-22,Properties & Real Estate,Real Estate Management & Development,61.00,62.00,60.00,62.00,3024700,124,-84751904,5095600
MDRN,2023-12-22,Industrials,Commercial Services,6.00,6.00,6.00,6.00,9200,5,30000,0
MEDC,2023-12-22,Energy,Oil & Gas,1135.00,1140.00,1120.00,1130.00,42620400,3381,-6603947008,2235488000
MEDS,2023-12-22,Healthcare,Healthcare Equipment & Supplies,61.00,80.00,61.00,76.00,233784704,14004,1061724928,127725600
MEGA,2023-12-22,Financials,Banks,5250.00,5300.00,5250.00,5250.00,3600,10,-15737500,0
MENN,2023-12-22,Technology,"Electronic Equipment, Instruments & Compo",11.00,12.00,10.00,12.00,10230400,458,-5142300,0
MERK,2023-12-22,Healthcare,Pharmaceuticals,4150.00,4190.00,4150.00,4180.00,30100,60,-357000,-96518000
META,2023-12-22,Infrastructures,Transport Infrastructure Operator,238.00,238.00,238.00,238.00,0,0,0,0
MFIN,2023-12-22,Financials,Consumer Financing,2930.00,2930.00,2900.00,2920.00,610700,95,282304000,-1105378944
MFMI,2023-12-22,Industrials,Commercial Services,615.00,615.00,615.00,615.00,7000,2,4243500,0
MGLV,2023-12-22,Consumer Cyclicals,Household Goods,62.00,65.00,59.00,63.00,47900,12,2060000,0
MGNA,2023-12-22,Financials,Holding & Investment Companies,14.00,14.00,14.00,14.00,9200,2,0,0
MGNA-W,2023-12-22,Financials,Holding & Investment Companies,10.00,10.00,10.00,10.00,0,0,0,0
MGRO,2023-12-22,Consumer Non-Cyclicals,Agricultural Products,675.00,700.00,665.00,700.00,5962600,401,-654272000,493545504
MICE,2023-12-22,Consumer Cyclicals,Household Goods,560.00,600.00,560.00,585.00,13900,10,7859500,0
MIDI,2023-12-22,Consumer Non-Cyclicals,Food & Staples Retailing,432.00,436.00,424.00,430.00,6698700,1121,-939377984,-124265000
MIKA,2023-12-22,Healthcare,Healthcare Providers,2770.00,2800.00,2740.00,2800.00,47325800,996,71357448192,-89127297024
MINA,2023-12-22,Consumer Cyclicals,Tourism & Recreation,50.00,50.00,50.00,50.00,30000,1,1500000,0
MIRA,2023-12-22,Transportation & Logistic,Logistics & Deliveries,7.00,7.00,7.00,7.00,2713400,62,4357500,0
MITI,2023-12-22,Transportation & Logistic,Logistics & Deliveries,206.00,210.00,200.00,210.00,223600,163,11680400,19451000
MKNT,2023-12-22,Consumer Cyclicals,Consumer Distributors,2.00,2.00,2.00,2.00,12335500,177,5517600,0
MKPI,2023-12-22,Properties & Real Estate,Real Estate Management & Development,26800.00,27000.00,26725.00,27000.00,35000,47,830720000,37660000
MKTR,2023-12-22,Consumer Non-Cyclicals,Agricultural Products,154.00,154.00,140.00,145.00,1471900,205,18478200,22372800
MLBI,2023-12-22,Consumer Non-Cyclicals,Beverages,7775.00,7925.00,7725.00,7825.00,61500,80,28475000,209187504
MLIA,2023-12-22,Industrials,Building Products & Fixtures,428.00,436.00,426.00,432.00,5591100,256,393789408,171013200
MLPL,2023-12-22,Consumer Non-Cyclicals,Food & Staples Retailing,76.00,81.00,73.00,75.00,115876704,3859,-1388311552,-639170112
MLPT,2023-12-22,Technology,IT Services & Consulting,1500.00,1580.00,1500.00,1520.00,24100,33,-9009000,8261500
MMIX,2023-12-22,Healthcare,Healthcare Equipment & Supplies,172.00,177.00,165.00,173.00,18754600,296,2958971392,-8350000
MMLP,2023-12-22,Properties & Real Estate,Real Estate Management & Development,300.00,300.00,296.00,298.00,1108700,78,-307195392,-59200
MNCN,2023-12-22,Consumer Cyclicals,Media,380.00,380.00,376.00,378.00,29257800,938,-4243357952,536851392
MOLI,2023-12-22,Basic Materials,Chemicals,308.00,322.00,308.00,316.00,199200,115,12768000,0
MORA,2023-12-22,Infrastructures,Telecommunication Service,456.00,456.00,456.00,456.00,38300,18,-16461600,0
MPMX,2023-12-22,Consumer Cyclicals,Specialty Retail,1025.00,1035.00,1020.00,1030.00,17939900,1225,709832512,-196358000
MPOW,2023-12-22,Infrastructures,Electric Utilities,62.00,62.00,59.00,59.00,1285900,106,-37634300,0
MPPA,2023-12-22,Consumer Non-Cyclicals,Food & Staples Retailing,68.00,73.00,64.00,65.00,243745600,6281,-4072834560,-1030856576
MPRO,2023-12-22,Properties & Real Estate,Real Estate Management & Development,2030.00,2040.00,2010.00,2030.00,9800,34,-6666000,0
MPXL,2023-12-22,Transportation & Logistic,Logistics & Deliveries,214.00,216.00,210.00,210.00,46119400,1030,-5669128704,114394200
MRAT,2023-12-22,Consumer Non-Cyclicals,Personal Care Products,372.00,380.00,372.00,372.00,178500,152,-20539600,0
MREI,2023-12-22,Financials,Insurance,2020.00,2030.00,1965.00,2020.00,800,8,420500,0
MSIE,2023-12-22,Properties & Real Estate,Real Estate Management & Development,27.00,27.00,25.00,26.00,1210900,81,-15063100,0
MSIN,2023-12-22,Consumer Cyclicals,Entertainment & Movie Production,2990.00,3000.00,2970.00,3000.00,128800,125,302753984,169224000
MSKY,2023-12-22,Consumer Cyclicals,Media,106.00,115.00,101.00,106.00,3856400,304,85543600,-45264000
MSTI,2023-12-22,Technology,Networking Equipment,1350.00,1350.00,1330.00,1350.00,1497800,339,-872552000,77441504
MTDL,2023-12-22,Technology,Computer Hardware,515.00,520.00,510.00,510.00,4824200,382,1820076544,24095000
MTEL,2023-12-22,Infrastructures,Wireless Telecommunication Services,725.00,765.00,720.00,750.00,113028200,4859,1720248960,3920869120
MTFN,2023-12-22,Energy,Oil & Gas,50.00,50.00,50.00,50.00,0,0,0,0
MTLA,2023-12-22,Properties & Real Estate,Real Estate Management & Development,408.00,418.00,406.00,416.00,136500,73,15981800,4118400
MTMH,2023-12-22,Healthcare,Healthcare Providers,1325.00,1360.00,1325.00,1355.00,12357500,779,-12184908800,1059642496
MTPS,2023-12-22,Infrastructures,Heavy Constructions & Civil Engineering,15.00,15.00,15.00,15.00,9800,8,0,0
MTRA,2023-12-22,Infrastructures,Heavy Constructions & Civil Engineering,244.00,244.00,244.00,244.00,0,0,0,0
MTSM,2023-12-22,Properties & Real Estate,Real Estate Management & Development,191.00,191.00,183.00,187.00,20100,18,-468000,0
MTWI,2023-12-22,Financials,Insurance,74.00,77.00,74.00,76.00,408200,116,7584700,5821600
MUTU,2023-12-22,Industrials,Professional Services,100.00,101.00,98.00,100.00,8199600,446,-309764512,-227865792
MYOH,2023-12-22,Energy,"Oil, Gas & Coal Supports",1615.00,1640.00,1615.00,1640.00,5600,15,-804500,-164000
MYOR,2023-12-22,Consumer Non-Cyclicals,Processed Foods,2350.00,2400.00,2320.00,2380.00,3220400,1500,1275362944,-447115008
MYRX,2023-12-22,Properties & Real Estate,Real Estate Management & Development,50.00,50.00,50.00,50.00,0,0,0,0
MYRXP,2023-12-22,Properties & Real Estate,Real Estate Management & Development,50.00,50.00,50.00,50.00,0,0,0,0
MYTX,2023-12-22,Consumer Cyclicals,Apparel & Luxury Goods,64.00,64.00,54.00,56.00,32000,27,73900,0
NANO,2023-12-22,Consumer Non-Cyclicals,Personal Care Products,18.00,18.00,16.00,18.00,6240300,132,-51419800,0
NASA,2023-12-22,Properties & Real Estate,Real Estate Management & Development,17.00,17.00,17.00,17.00,38100,7,51000,0
NASI,2023-12-22,Consumer Non-Cyclicals,Processed Foods,79.00,80.00,77.00,77.00,2945700,369,-67614496,0
NATO,2023-12-22,Consumer Cyclicals,Tourism & Recreation,190.00,196.00,189.00,195.00,446134912,5324,33435105280,2218728704
NAYZ,2023-12-22,Consumer Non-Cyclicals,Processed Foods,17.00,18.00,16.00,18.00,11689600,185,101644704,0
NCKL,2023-12-22,Basic Materials,Metals & Minerals,1010.00,1010.00,990.00,1000.00,20365800,2468,-7717088768,444504512
NELY,2023-12-22,Transportation & Logistic,Logistics & Deliveries,492.00,498.00,490.00,490.00,2973900,474,-88422000,-42401600
NETV,2023-12-22,Consumer Cyclicals,Media,60.00,63.00,59.00,62.00,2089500,222,-89699904,-6103800
NFCX,2023-12-22,Technology,Online Applications & Services,3970.00,4090.00,3810.00,3930.00,9600,60,14341000,-5073000
NICK,2023-12-22,Financials,Holding & Investment Companies,244.00,248.00,242.00,242.00,542400,16,-96408600,0
NICL,2023-12-22,Basic Materials,Metals & Minerals,212.00,216.00,210.00,210.00,2958500,423,-363916192,26875400
NIKL,2023-12-22,Basic Materials,Metals & Minerals,316.00,318.00,308.00,316.00,15900,47,207200,-31600
NINE,2023-12-22,Technology,Computer Hardware,8.00,9.00,8.00,8.00,3598600,120,-22576500,0
NIPS,2023-12-22,Consumer Cyclicals,Auto Components,282.00,282.00,282.00,282.00,0,0,0,0
NIRO,2023-12-22,Properties & Real Estate,Real Estate Management & Development,139.00,140.00,138.00,140.00,700900,12,8695700,-1104000
NISP,2023-12-22,Financials,Banks,1160.00,1190.00,1155.00,1180.00,5903200,1092,1666242048,2322896384
NOBU,2023-12-22,Financials,Banks,770.00,770.00,745.00,750.00,4254300,80,2946388480,2971508992
NPGF,2023-12-22,Basic Materials,Chemicals,50.00,50.00,50.00,50.00,6900,5,345000,0
NRCA,2023-12-22,Infrastructures,Heavy Constructions & Civil Engineering,328.00,328.00,322.00,322.00,251300,139,-40459400,-2412400
NSSS,2023-12-22,Consumer Non-Cyclicals,Agricultural Products,165.00,168.00,162.00,166.00,136572400,3199,2500593408,-5962873344
NTBK,2023-12-22,Industrials,Machinery,50.00,50.00,50.00,50.00,5622900,121,281144992,0
NUSA,2023-12-22,Consumer Cyclicals,Tourism & Recreation,50.00,50.00,50.00,50.00,0,0,0,0
NZIA,2023-12-22,Properties & Real Estate,Real Estate Management & Development,79.00,86.00,79.00,85.00,169200,77,-4566500,-781300
OASA,2023-12-22,Infrastructures,Wireless Telecommunication Services,157.00,162.00,151.00,154.00,99149400,2359,-4101167616,-110116200
OBMD,2023-12-22,Basic Materials,Chemicals,260.00,270.00,256.00,262.00,884000,150,179554400,0
OCAP,2023-12-22,Financials,Holding & Investment Companies,159.00,159.00,159.00,159.00,0,0,0,0
OILS,2023-12-22,Consumer Non-Cyclicals,Agricultural Products,139.00,139.00,130.00,133.00,380700,113,-18021900,0
OKAS,2023-12-22,Basic Materials,Chemicals,99.00,101.00,99.00,100.00,318800,56,-26175100,0
OLIV,2023-12-22,Consumer Cyclicals,Household Goods,8.00,9.00,8.00,9.00,8275500,120,47988700,0
OMED,2023-12-22,Healthcare,Healthcare Equipment & Supplies,210.00,214.00,204.00,210.00,16744100,419,1765482624,234323008
OMRE,2023-12-22,Properties & Real Estate,Real Estate Management & Development,478.00,498.00,478.00,498.00,300,3,147200,0
OPMS,2023-12-22,Basic Materials,Metals & Minerals,51.00,52.00,51.00,51.00,403900,20,-15231100,0
PACK,2023-12-22,Basic Materials,Containers & Packaging,32.00,33.00,30.00,32.00,1523700,135,543500,0
PADA,2023-12-22,Industrials,Professional Services,50.00,50.00,50.00,50.00,1500,6,75000,0
PADI,2023-12-22,Financials,Investment Services,9.00,9.00,9.00,9.00,48400,6,0,0
PALM,2023-12-22,Financials,Holding & Investment Companies,650.00,660.00,645.00,655.00,714000,169,-128963000,139402496
PAMG,2023-12-22,Properties & Real Estate,Real Estate Management & Development,70.00,80.00,68.00,73.00,230863296,26517,4450072576,135544992
PANI,2023-12-22,Consumer Non-Cyclicals,Processed Foods,4670.00,4870.00,4660.00,4780.00,8833800,4779,126723000,-1197817984
PANR,2023-12-22,Consumer Cyclicals,Tourism & Recreation,710.00,720.00,695.00,720.00,8065600,434,1589104512,388575008
PANS,2023-12-22,Financials,Investment Services,1620.00,1635.00,1615.00,1625.00,45900,65,3993000,0
PBID,2023-12-22,Basic Materials,Containers & Packaging,1320.00,1340.00,1285.00,1290.00,263100,221,-235240000,-3591500
PBRX,2023-12-22,Consumer Cyclicals,Apparel & Luxury Goods,50.00,50.00,50.00,50.00,349000,16,17445000,0
PBSA,2023-12-22,Infrastructures,Heavy Constructions & Civil Engineering,306.00,308.00,302.00,304.00,1042900,422,-52797400,-709200
PCAR,2023-12-22,Consumer Non-Cyclicals,Food & Staples Retailing,50.00,50.00,50.00,50.00,219700,36,10975000,0
PDES,2023-12-22,Consumer Cyclicals,Tourism & Recreation,224.00,224.00,224.00,224.00,100,1,22400,0
PDPP,2023-12-22,Basic Materials,Containers & Packaging,370.00,382.00,368.00,376.00,16013200,1458,556875584,-197990592
PEGE,2023-12-22,Financials,Holding & Investment Companies,157.00,163.00,149.00,163.00,516900,219,73787600,7337100
PEHA,2023-12-22,Healthcare,Pharmaceuticals,700.00,785.00,650.00,685.00,13055800,5077,477304512,-5948500
PEVE,2023-12-22,Healthcare,Pharmaceuticals,162.00,162.00,156.00,156.00,1263000,204,-88797800,8658400
PGAS,2023-12-22,Energy,Oil & Gas,1110.00,1120.00,1095.00,1100.00,17813700,2855,-1540941952,748830528
PGEO,2023-12-22,Infrastructures,Electric Utilities,1225.00,1235.00,1190.00,1190.00,27128500,5300,-15189694464,-1267485056
PGJO,2023-12-22,Technology,Online Applications & Services,84.00,92.00,79.00,83.00,2383500,284,-59534400,0
PGLI,2023-12-22,Consumer Cyclicals,Tourism & Recreation,151.00,151.00,149.00,149.00,2100,4,167100,0
PGUN,2023-12-22,Consumer Non-Cyclicals,Agricultural Products,428.00,428.00,400.00,400.00,3000,12,-769200,0
PICO,2023-12-22,Basic Materials,Containers & Packaging,113.00,118.00,113.00,117.00,187100,65,-17967800,0
PIPA,2023-12-22,Industrials,Building Products & Fixtures,50.00,50.00,50.00,50.00,101700,2,5085000,0
PJAA,2023-12-22,Consumer Cyclicals,Tourism & Recreation,930.00,935.00,920.00,935.00,445100,94,36799000,-187000
PKPK,2023-12-22,Energy,"Oil, Gas & Coal Supports",364.00,370.00,360.00,360.00,438100,23,4502200,109200
PLAN,2023-12-22,Consumer Cyclicals,Tourism & Recreation,26.00,28.00,26.00,28.00,500,4,8600,0
PLAS,2023-12-22,Financials,Holding & Investment Companies,50.00,50.00,50.00,50.00,0,0,0,0
PLIN,2023-12-22,Properties & Real Estate,Real Estate Management & Development,2620.00,2620.00,2620.00,2620.00,100,1,-262000,0
PMJS,2023-12-22,Consumer Cyclicals,Specialty Retail,146.00,157.00,144.00,146.00,690400,177,-64542400,-5167700
PMMP,2023-12-22,Consumer Non-Cyclicals,Processed Foods,248.00,262.00,248.00,260.00,1941200,309,80433400,-2992800
PNBN,2023-12-22,Financials,Banks,1100.00,1100.00,1080.00,1095.00,620900,247,170855008,14299500
PNBS,2023-12-22,Financials,Banks,53.00,54.00,52.00,53.00,15882100,329,247428096,93730496
PNGO,2023-12-22,Basic Materials,Forestry & Paper,1380.00,1395.00,1375.00,1385.00,4600,31,-816000,1387000
PNIN,2023-12-22,Financials,Insurance,990.00,990.00,975.00,985.00,538000,101,-277619488,49170500
PNLF,2023-12-22,Financials,Insurance,262.00,264.00,260.00,262.00,21777800,583,1501927040,-4192378880
PNSE,2023-12-22,Consumer Cyclicals,Tourism & Recreation,392.00,392.00,392.00,392.00,1391100,5,545311232,0
POLA,2023-12-22,Financials,Consumer Financing,50.00,50.00,50.00,50.00,0,0,0,0
POLI,2023-12-22,Properties & Real Estate,Real Estate Management & Development,805.00,805.00,805.00,805.00,0,0,0,0
POLL,2023-12-22,Properties & Real Estate,Real Estate Management & Development,147.00,150.00,146.00,146.00,15100,8,-1414800,0
POLU,2023-12-22,Consumer Cyclicals,Apparel & Luxury Goods,825.00,825.00,825.00,825.00,0,0,0,0
POLY,2023-12-22,Consumer Cyclicals,Apparel & Luxury Goods,50.00,50.00,50.00,50.00,200,2,10000,0
POOL,2023-12-22,Financials,Holding & Investment Companies,50.00,50.00,50.00,50.00,0,0,0,0
PORT,2023-12-22,Infrastructures,Transport Infrastructure Operator,715.00,720.00,715.00,720.00,5200,9,-1278500,-643500
POSA,2023-12-22,Properties & Real Estate,Real Estate Management & Development,50.00,50.00,50.00,50.00,0,0,0,0
POWR,2023-12-22,Infrastructures,Electric Utilities,690.00,695.00,685.00,690.00,3493200,422,-392894016,-314009504
PPGL,2023-12-22,Transportation & Logistic,Logistics & Deliveries,103.00,105.00,100.00,103.00,90100,76,-950700,0
PPRE,2023-12-22,Infrastructures,Heavy Constructions & Civil Engineering,77.00,77.00,74.00,76.00,3550900,388,63482000,-20527300
PPRI,2023-12-22,Basic Materials,Containers & Packaging,67.00,85.00,66.00,70.00,188239600,11053,58095000,-39151000
PPRO,2023-12-22,Properties & Real Estate,Real Estate Management & Development,50.00,50.00,50.00,50.00,15000,9,750000,0
PRAS,2023-12-22,Consumer Cyclicals,Auto Components,100.00,111.00,100.00,103.00,40600,44,-1855700,0
PRAY,2023-12-22,Healthcare,Healthcare Providers,685.00,690.00,680.00,690.00,21500,19,-3558000,0
PRDA,2023-12-22,Healthcare,Healthcare Providers,5375.00,5400.00,5300.00,5350.00,1996400,1136,724067520,364397504
PRIM,2023-12-22,Healthcare,Healthcare Providers,93.00,99.00,91.00,96.00,98243296,4501,347522304,-56764700
PRIMBANK10,2023-12-22,,,233.35,235.31,232.91,234.90,0,0,0,0
PSAB,2023-12-22,Basic Materials,Metals & Minerals,89.00,92.00,89.00,91.00,8576400,230,360035200,-234000
PSDN,2023-12-22,Consumer Non-Cyclicals,Processed Foods,97.00,99.00,96.00,96.00,1169700,169,-42062300,0
PSGO,2023-12-22,Consumer Non-Cyclicals,Agricultural Products,129.00,133.00,128.00,133.00,42000,7,-1173600,159600
PSKT,2023-12-22,Consumer Cyclicals,Tourism & Recreation,50.00,50.00,50.00,50.00,0,0,0,0
PSSI,2023-12-22,Energy,Coal,505.00,520.00,500.00,500.00,337300,222,-83139504,-17493000
PTBA,2023-12-22,Energy,Coal,2390.00,2410.00,2380.00,2400.00,7311600,3139,5707415040,5516554240
PTDU,2023-12-22,Infrastructures,Heavy Constructions & Civil Engineering,50.00,50.00,50.00,50.00,0,0,0,0
PTIS,2023-12-22,Energy,Coal,350.00,354.00,332.00,340.00,106400,110,-10125600,0
PTMP,2023-12-22,Industrials,Machinery,199.00,200.00,196.00,200.00,46577200,1054,-6035158016,-38370200
PTPP,2023-12-22,Infrastructures,Heavy Constructions & Civil Engineering,500.00,500.00,456.00,458.00,100213104,10144,-19008120832,-7146101248
PTPS,2023-12-22,Consumer Non-Cyclicals,Agricultural Products,167.00,167.00,148.00,152.00,26748300,1896,-1795276160,-9152700
PTPW,2023-12-22,Infrastructures,Heavy Constructions & Civil Engineering,970.00,975.00,965.00,970.00,24000,48,-76000,0
PTRO,2023-12-22,Energy,"Oil, Gas & Coal Supports",5625.00,5975.00,5600.00,5600.00,4174300,3495,-12508137472,-588355008
PTSN,2023-12-22,Technology,Networking Equipment,232.00,234.00,232.00,232.00,288800,54,12095200,-8125600
PTSP,2023-12-22,Consumer Cyclicals,Tourism & Recreation,3150.00,3150.00,3150.00,3150.00,100,1,315000,0
PUDP,2023-12-22,Properties & Real Estate,Real Estate Management & Development,550.00,575.00,545.00,555.00,14100,32,-3604500,0
PURA,2023-12-22,Transportation & Logistic,Logistics & Deliveries,50.00,50.00,50.00,50.00,1200,2,60000,0
PURE,2023-12-22,Basic Materials,Metals & Minerals,51.00,51.00,51.00,51.00,0,0,0,0
PURI,2023-12-22,Properties & Real Estate,Real Estate Management & Development,198.00,212.00,198.00,204.00,2705600,420,-195559808,79191200
PWON,2023-12-22,Properties & Real Estate,Real Estate Management & Development,430.00,436.00,430.00,434.00,24600300,1101,3502115840,8687045632
PYFA,2023-12-22,Healthcare,Pharmaceuticals,1040.00,1145.00,1040.00,1085.00,1147900,627,-244451008,5032500
PZZA,2023-12-22,Consumer Cyclicals,Tourism & Recreation,376.00,376.00,368.00,368.00,130500,24,13290800,-46049600
RAAM,2023-12-22,Consumer Cyclicals,Entertainment & Movie Production,580.00,600.00,580.00,590.00,2767700,835,188140992,-129563000
RAFI,2023-12-22,Consumer Cyclicals,Tourism & Recreation,50.00,50.00,50.00,50.00,689500,39,34395000,0
RAJA,2023-12-22,Energy,Oil & Gas,1305.00,1550.00,1265.00,1490.00,53912500,13475,-8748758016,3195002112
RALS,2023-12-22,Consumer Cyclicals,Department Stores,500.00,520.00,500.00,510.00,4691600,571,433179488,39298500
RANC,2023-12-22,Consumer Non-Cyclicals,Food & Staples Retailing,640.00,640.00,640.00,640.00,8300,6,1600000,1536000
RBMS,2023-12-22,Properties & Real Estate,Real Estate Management & Development,50.00,50.00,50.00,50.00,2574200,2123,128710000,0
RCCC,2023-12-22,Transportation & Logistic,Logistics & Deliveries,111.00,128.00,111.00,118.00,8100,11,-689900,0
RDTX,2023-12-22,Properties & Real Estate,Real Estate Management & Development,15150.00,15150.00,13900.00,14125.00,18100,88,30582500,-15150000
REAL,2023-12-22,Properties & Real Estate,Real Estate Management & Development,12.00,12.00,12.00,12.00,2200000,43,23300400,0
RELF,2023-12-22,Properties & Real Estate,Real Estate Management & Development,26.00,26.00,24.00,25.00,68601200,1313,-146191296,0
RELI,2023-12-22,Financials,Investment Services,510.00,525.00,505.00,525.00,2500,20,573500,0
RGAS,2023-12-22,Energy,"Oil, Gas & Coal Supports",97.00,97.00,92.00,93.00,8871700,714,-423241408,0
RICY,2023-12-22,Consumer Cyclicals,Apparel & Luxury Goods,113.00,115.00,112.00,115.00,22182900,490,2440257280,-14193200
RIGS,2023-12-22,Energy,Coal,478.00,478.00,472.00,478.00,39800,21,-16555600,0
RIMO,2023-12-22,Properties & Real Estate,Real Estate Management & Development,50.00,50.00,50.00,50.00,0,0,0,0
RISE,2023-12-22,Properties & Real Estate,Real Estate Management & Development,990.00,990.00,980.00,990.00,26200,4,25544000,0
RMBA,2023-12-22,Consumer Non-Cyclicals,Tobacco,306.00,306.00,306.00,306.00,0,0,0,0
RMKE,2023-12-22,Energy,Coal,605.00,605.00,585.00,590.00,2162400,286,-523701504,-383065984
RMKO,2023-12-22,Energy,"Oil, Gas & Coal Supports",262.00,272.00,262.00,272.00,313900,82,-8343600,28092000
ROCK,2023-12-22,Properties & Real Estate,Real Estate Management & Development,380.00,380.00,380.00,380.00,0,0,0,0
RODA,2023-12-22,Properties & Real Estate,Real Estate Management & Development,50.00,50.00,50.00,50.00,400,2,20000,0
RONY,2023-12-22,Infrastructures,Heavy Constructions & Civil Engineering,284.00,308.00,284.00,296.00,22500,60,-1584200,852000
ROTI,2023-12-22,Consumer Non-Cyclicals,Processed Foods,1155.00,1155.00,1145.00,1155.00,203100,30,191725504,-199929504
RSCH,2023-12-22,Healthcare,Healthcare Providers,124.00,132.00,121.00,125.00,3982400,595,-37322200,6402700
RSGK,2023-12-22,Healthcare,Healthcare Providers,1230.00,1245.00,1220.00,1245.00,1100,6,-856000,0
RUIS,2023-12-22,Energy,"Oil, Gas & Coal Supports",195.00,204.00,191.00,195.00,2281400,449,-30999600,589400
RUNS,2023-12-22,Technology,Software,51.00,52.00,50.00,51.00,243500,25,-9192600,0
SAFE,2023-12-22,Transportation & Logistic,Passenger Land Transportation,290.00,318.00,290.00,318.00,242700,107,53261800,12615600
SAGE,2023-12-22,Properties & Real Estate,Real Estate Management & Development,50.00,50.00,50.00,50.00,14400,17,720000,0
SAME,2023-12-22,Healthcare,Healthcare Providers,324.00,328.00,318.00,318.00,939000,248,-53095000,14713800
SAMF,2023-12-22,Basic Materials,Chemicals,725.00,730.00,725.00,730.00,8800,13,3149000,3285000
SAPX,2023-12-22,Transportation & Logistic,Logistics & Deliveries,740.00,855.00,740.00,755.00,141600,218,-18403000,-102000
SATU,2023-12-22,Properties & Real Estate,Real Estate Management & Development,103.00,103.00,101.00,101.00,5254000,2431,435559712,0
SBAT,2023-12-22,Consumer Cyclicals,Apparel & Luxury Goods,12.00,12.00,12.00,12.00,33300,11,0,0
SBMA,2023-12-22,Basic Materials,Chemicals,160.00,166.00,155.00,158.00,388600,109,5225200,0
SCCO,2023-12-22,Industrials,Electrical,8325.00,8425.00,8325.00,8425.00,800,7,-4995000,-3340000
SCMA,2023-12-22,Consumer Cyclicals,Media,148.00,151.00,147.00,150.00,36553400,993,-237833296,-1596082560
SCNP,2023-12-22,Consumer Cyclicals,Household Goods,193.00,195.00,190.00,190.00,17800,15,3000300,-21000
SCPI,2023-12-22,Healthcare,Pharmaceuticals,29000.00,29000.00,29000.00,29000.00,0,0,0,0
SDMU,2023-12-22,Transportation & Logistic,Logistics & Deliveries,50.00,50.00,50.00,50.00,900,2,45000,0
SDPC,2023-12-22,Consumer Non-Cyclicals,Food & Staples Retailing,160.00,164.00,159.00,159.00,920100,198,-107587400,0
SDRA,2023-12-22,Financials,Banks,560.00,570.00,560.00,565.00,13900,21,-2043500,343500
SEMA,2023-12-22,Energy,Alternative Energy Equipment,105.00,111.00,103.00,110.00,10520400,893,114128800,-146400
SFAN,2023-12-22,Financials,Holding & Investment Companies,1930.00,1940.00,1930.00,1930.00,621700,122,-1192917504,1743500
SGER,2023-12-22,Energy,Coal,1975.00,2000.00,1850.00,1900.00,3015100,2074,-2243211008,-1241714560
SGRO,2023-12-22,Consumer Non-Cyclicals,Agricultural Products,1980.00,1990.00,1975.00,1990.00,70800,89,-10427000,-198500
SHID,2023-12-22,Consumer Cyclicals,Tourism & Recreation,700.00,700.00,680.00,695.00,9900,53,-5109500,-5462000
SHIP,2023-12-22,Energy,Oil & Gas,1095.00,1150.00,1065.00,1075.00,4400,17,2681500,1009000
SICO,2023-12-22,Energy,"Oil, Gas & Coal Supports",95.00,102.00,95.00,98.00,234600,154,-2064500,0
SIDO,2023-12-22,Healthcare,Pharmaceuticals,535.00,545.00,535.00,540.00,22292100,3016,3068167424,-2982459392
SILO,2023-12-22,Healthcare,Healthcare Providers,2120.00,2170.00,2080.00,2120.00,2161000,1073,551659008,-345243008
SIMA,2023-12-22,Basic Materials,Containers & Packaging,50.00,50.00,50.00,50.00,0,0,0,0
SIMP,2023-12-22,Consumer Non-Cyclicals,Agricultural Products,380.00,380.00,370.00,376.00,1088000,176,-173998208,-25020000
SINI,2023-12-22,Industrials,Building Products & Fixtures,830.00,850.00,810.00,850.00,68900,92,10267500,-1073500
SIPD,2023-12-22,Consumer Non-Cyclicals,Agricultural Products,1140.00,1140.00,1115.00,1115.00,3000,8,-3377500,0
SKBM,2023-12-22,Consumer Non-Cyclicals,Processed Foods,302.00,310.00,298.00,310.00,7900,29,2035200,0
SKLT,2023-12-22,Consumer Non-Cyclicals,Processed Foods,294.00,308.00,268.00,290.00,281300,138,-55184200,0
SKRN,2023-12-22,Industrials,Machinery,500.00,525.00,498.00,498.00,7545800,1020,39302500,-60572000
SKYB,2023-12-22,Technology,Software,51.00,51.00,51.00,51.00,0,0,0,0
SLIS,2023-12-22,Consumer Cyclicals,Specialty Retail,74.00,76.00,73.00,74.00,16959600,685,236501296,50283900
SMAR,2023-12-22,Consumer Non-Cyclicals,Agricultural Products,3750.00,3770.00,3750.00,3750.00,26000,54,-38201000,-25546000
SMBR,2023-12-22,Basic Materials,Construction Materials,282.00,288.00,280.00,284.00,2154200,291,6432400,-10709400
SMCB,2023-12-22,Basic Materials,Construction Materials,1250.00,1315.00,1215.00,1295.00,4764800,2514,1212456960,212142496
SMDM,2023-12-22,Properties & Real Estate,Real Estate Management & Development,191.00,193.00,191.00,191.00,146600,20,9216200,-19100
SMDR,2023-12-22,Transportation & Logistic,Logistics & Deliveries,340.00,354.00,318.00,318.00,101551400,11031,-10355303424,656903424
SMGR,2023-12-22,Basic Materials,Construction Materials,6150.00,6325.00,6150.00,6275.00,6519900,2386,-5733754880,-2730202624
SMIL,2023-12-22,Industrials,Machinery,121.00,126.00,121.00,125.00,89667600,1133,5128933888,463462304
SMKL,2023-12-22,Basic Materials,Containers & Packaging,202.00,208.00,200.00,206.00,225900,42,-42283800,-206000
SMKM,2023-12-22,Infrastructures,Heavy Constructions & Civil Engineering,54.00,54.00,52.00,52.00,2857700,134,-63968300,0
SMMA,2023-12-22,Financials,Holding & Investment Companies,14500.00,14500.00,14500.00,14500.00,0,0,0,0
SMMT,2023-12-22,Energy,Coal,975.00,975.00,785.00,925.00,3497200,1632,26387500,-179924496
SMRA,2023-12-22,Properties & Real Estate,Real Estate Management & Development,565.00,570.00,545.00,555.00,35427700,3883,-8313870848,-5093642752
SMRU,2023-12-22,Energy,"Oil, Gas & Coal Supports",50.00,50.00,50.00,50.00,0,0,0,0
SMSM,2023-12-22,Consumer Cyclicals,Auto Components,1935.00,1965.00,1935.00,1955.00,1744000,540,508553504,571121024
SNLK,2023-12-22,Consumer Cyclicals,Tourism & Recreation,520.00,520.00,505.00,515.00,1329500,113,-76420496,-61810000
SOCI,2023-12-22,Energy,Oil & Gas,189.00,193.00,182.00,183.00,26885900,2357,-1531925760,-552421632
SOFA,2023-12-22,Consumer Cyclicals,Household Goods,16.00,16.00,15.00,16.00,210800,23,-2948700,0
SOHO,2023-12-22,Healthcare,Pharmaceuticals,500.00,500.00,500.00,500.00,1600,5,0,0
SONA,2023-12-22,Consumer Cyclicals,Department Stores,2280.00,2280.00,2280.00,2280.00,15200,6,16416000,-9120000
SOSS,2023-12-22,Industrials,Professional Services,460.00,510.00,460.00,476.00,56100,113,10139000,-1379200
SOTS,2023-12-22,Consumer Cyclicals,Tourism & Recreation,462.00,462.00,462.00,462.00,0,0,0,0
SOUL,2023-12-22,Consumer Non-Cyclicals,Beverages,18.00,20.00,18.00,20.00,1014400,56,15878500,0
SPMA,2023-12-22,Basic Materials,Containers & Packaging,354.00,358.00,350.00,352.00,400500,63,19865200,-9149200
SPTO,2023-12-22,Industrials,Building Products & Fixtures,545.00,555.00,545.00,550.00,850600,126,400217984,-267759504
SQMI,2023-12-22,Basic Materials,Metals & Minerals,57.00,57.00,54.00,55.00,12394200,310,-382486304,-80251696
SRAJ,2023-12-22,Healthcare,Healthcare Providers,208.00,220.00,206.00,212.00,3992700,299,252978208,220254000
SRIL,2023-12-22,Consumer Cyclicals,Apparel & Luxury Goods,146.00,146.00,146.00,146.00,0,0,0,0
SRSN,2023-12-22,Basic Materials,Chemicals,66.00,68.00,64.00,66.00,2763600,156,-137899392,0
SRTG,2023-12-22,Financials,Holding & Investment Companies,1625.00,1660.00,1610.00,1620.00,15353100,2739,1621234944,-436780000
SSIA,2023-12-22,Infrastructures,Heavy Constructions & Civil Engineering,426.00,430.00,424.00,428.00,7786400,674,-1169970176,621529600
SSMS,2023-12-22,Consumer Non-Cyclicals,Agricultural Products,1000.00,1020.00,990.00,1020.00,10227100,727,4417034240,8961500
SSTM,2023-12-22,Consumer Cyclicals,Apparel & Luxury Goods,535.00,535.00,535.00,535.00,200,2,0,0
STAA,2023-12-22,Consumer Non-Cyclicals,Agricultural Products,855.00,870.00,855.00,865.00,5983600,1163,3600003584,1032380032
STAR,2023-12-22,Financials,Holding & Investment Companies,108.00,108.00,108.00,108.00,0,0,0,0
STRK,2023-12-22,Consumer Non-Cyclicals,Beverages,54.00,55.00,50.00,51.00,98171296,4819,-1077184256,-100491400
STTP,2023-12-22,Consumer Non-Cyclicals,Processed Foods,9325.00,9500.00,9300.00,9350.00,900,5,-6502500,950000
SUGI,2023-12-22,Energy,Oil & Gas,50.00,50.00,50.00,50.00,0,0,0,0
SULI,2023-12-22,Basic Materials,Forestry & Paper,134.00,145.00,134.00,141.00,590800,130,-35558600,20887000
SUNI,2023-12-22,Energy,"Oil, Gas & Coal Supports",376.00,380.00,370.00,380.00,260200,61,15173400,43242200
SUPR,2023-12-22,Infrastructures,Wireless Telecommunication Services,39900.00,39900.00,39900.00,39900.00,0,0,0,0
SURE,2023-12-22,Energy,Oil & Gas,1100.00,1100.00,1100.00,1100.00,60000,3,5500000,0
SURI,2023-12-22,Healthcare,Healthcare Equipment & Supplies,169.00,176.00,163.00,167.00,12361500,2966,366707488,-2564600
SWAT,2023-12-22,Basic Materials,Forestry & Paper,50.00,50.00,50.00,50.00,5000,1,250000,0
SWID,2023-12-22,Properties & Real Estate,Real Estate Management & Development,73.00,78.00,73.00,77.00,544000,180,6237900,3093200
TALF,2023-12-22,Basic Materials,Containers & Packaging,300.00,300.00,282.00,294.00,14100,15,479200,1128000
TAMA,2023-12-22,Infrastructures,Heavy Constructions & Civil Engineering,16.00,17.00,16.00,17.00,17200,7,51000,0
TAMU,2023-12-22,Energy,"Oil, Gas & Coal Supports",9.00,9.00,9.00,9.00,3507300,36,0,0
TAPG,2023-12-22,Consumer Non-Cyclicals,Agricultural Products,540.00,545.00,535.00,540.00,2189900,333,-408770496,-68044000
TARA,2023-12-22,Properties & Real Estate,Real Estate Management & Development,8.00,8.00,8.00,8.00,155100,13,40000,0
TAXI,2023-12-22,Transportation & Logistic,Passenger Land Transportation,50.00,50.00,50.00,50.00,0,0,0,0
TAYS,2023-12-22,Consumer Non-Cyclicals,Processed Foods,100.00,106.00,97.00,100.00,1551600,507,-32675100,0
TBIG,2023-12-22,Infrastructures,Wireless Telecommunication Services,2080.00,2090.00,2070.00,2080.00,727300,532,-554649984,-514232000
TBLA,2023-12-22,Consumer Non-Cyclicals,Processed Foods,700.00,705.00,695.00,700.00,530500,134,-22515000,-68648496
TBMS,2023-12-22,Basic Materials,Metals & Minerals,3060.00,3490.00,2500.00,2700.00,1213300,1724,-890371968,-12127000
TCID,2023-12-22,Consumer Non-Cyclicals,Personal Care Products,2740.00,2740.00,2740.00,2740.00,100,1,274000,0
TCPI,2023-12-22,Energy,Coal,7800.00,7875.00,7700.00,7750.00,6921200,2663,-44479414272,6457724928
TDPM,2023-12-22,Basic Materials,Chemicals,119.00,119.00,119.00,119.00,0,0,0,0
TEBE,2023-12-22,Energy,Coal,765.00,770.00,760.00,770.00,183100,96,38981000,0
TECH,2023-12-22,Technology,IT Services & Consulting,50.00,50.00,50.00,50.00,0,0,0,0
TELE,2023-12-22,Consumer Cyclicals,Consumer Distributors,50.00,50.00,50.00,50.00,0,0,0,0
TFAS,2023-12-22,Technology,Online Applications & Services,775.00,780.00,735.00,775.00,99700,67,-8810000,-8956500
TFCO,2023-12-22,Consumer Cyclicals,Apparel & Luxury Goods,670.00,670.00,670.00,670.00,0,0,0,0
TGKA,2023-12-22,Consumer Non-Cyclicals,Processed Foods,6500.00,6500.00,6500.00,6500.00,100,1,650000,0
TGRA,2023-12-22,Infrastructures,Electric Utilities,50.00,50.00,50.00,50.00,0,0,0,0
TGUK,2023-12-22,Consumer Non-Cyclicals,Processed Foods,90.00,92.00,90.00,91.00,6612300,367,-238948304,68213600
TIFA,2023-12-22,Financials,Consumer Financing,650.00,650.00,650.00,650.00,0,0,0,0
TINS,2023-12-22,Basic Materials,Metals & Minerals,630.00,635.00,620.00,625.00,6963200,1162,-1591034496,-39746000
TIRA,2023-12-22,Industrials,Diversified Industrial Trading,354.00,354.00,354.00,354.00,2900,1,0,0
TIRT,2023-12-22,Basic Materials,Forestry & Paper,50.00,50.00,50.00,50.00,500,1,25000,0
TKIM,2023-12-22,Basic Materials,Forestry & Paper,7150.00,7200.00,7000.00,7050.00,758600,815,-1015430016,-556795008
TLDN,2023-12-22,Consumer Non-Cyclicals,Agricultural Products,452.00,454.00,448.00,452.00,76700,67,28857000,-582400
TLKM,2023-12-22,Infrastructures,Telecommunication Service,3980.00,3980.00,3950.00,3960.00,28222700,6437,-210191008,32621805568
TMAS,2023-12-22,Transportation & Logistic,Logistics & Deliveries,159.00,170.00,153.00,157.00,103879400,8714,-3548327424,-692768128
TMPO,2023-12-22,Consumer Cyclicals,Media,88.00,91.00,85.00,91.00,4500,12,-354200,0
TNCA,2023-12-22,Transportation & Logistic,Logistics & Deliveries,200.00,206.00,199.00,200.00,255200,74,-28328300,0
TOBA,2023-12-22,Energy,Coal,296.00,316.00,296.00,310.00,48694500,4382,-329071808,-53129200
TOOL,2023-12-22,Consumer Cyclicals,Specialty Retail,60.00,60.00,59.00,60.00,1142000,96,18385700,0
TOPS,2023-12-22,Infrastructures,Heavy Constructions & Civil Engineering,12.00,12.00,12.00,12.00,379700,21,0,0
TOTL,2023-12-22,Infrastructures,Heavy Constructions & Civil Engineering,368.00,372.00,364.00,368.00,827000,260,134464800,-13616200
TOTO,2023-12-22,Industrials,Building Products & Fixtures,230.00,230.00,228.00,230.00,261100,106,23894800,230000
TOWR,2023-12-22,Infrastructures,Wireless Telecommunication Services,960.00,970.00,945.00,965.00,18766800,2194,-4335272448,3847916544
TOYS,2023-12-22,Consumer Cyclicals,Sport Equipment & Hobbies Goods,50.00,50.00,50.00,50.00,1500,2,75000,0
TPIA,2023-12-22,Basic Materials,Chemicals,5875.00,5875.00,5875.00,5875.00,0,0,0,0
TPMA,2023-12-22,Energy,Coal,735.00,735.00,705.00,710.00,5194100,1004,-1888496000,-766488000
TRAM,2023-12-22,Energy,Coal,50.00,50.00,50.00,50.00,0,0,0,0
TRGU,2023-12-22,Consumer Non-Cyclicals,Processed Foods,185.00,187.00,185.00,187.00,74900,25,1506000,5468900
TRIL,2023-12-22,Industrials,Diversified Industrial Trading,50.00,50.00,50.00,50.00,0,0,0,0
TRIM,2023-12-22,Financials,Investment Services,274.00,278.00,272.00,274.00,4786100,96,-791062592,623956800
TRIN,2023-12-22,Properties & Real Estate,Real Estate Management & Development,148.00,153.00,145.00,147.00,1185900,277,-70299600,-7593500
TRIO,2023-12-22,Consumer Cyclicals,Specialty Retail,426.00,426.00,426.00,426.00,0,0,0,0
TRIS,2023-12-22,Consumer Cyclicals,Apparel & Luxury Goods,204.00,220.00,204.00,214.00,2018100,519,46319200,-65265200
TRJA,2023-12-22,Transportation & Logistic,Passenger Land Transportation,272.00,274.00,272.00,272.00,3800100,130,-388971200,63056200
TRON,2023-12-22,Technology,Software,246.00,248.00,242.00,248.00,735900,312,93527400,-71317800
TRST,2023-12-22,Basic Materials,Containers & Packaging,482.00,494.00,482.00,494.00,20300,4,48200,0
TRUE,2023-12-22,Properties & Real Estate,Real Estate Management & Development,50.00,50.00,50.00,50.00,100,1,5000,0
TRUK,2023-12-22,Transportation & Logistic,Logistics & Deliveries,87.00,87.00,85.00,86.00,268300,82,-5687400,0
TRUS,2023-12-22,Financials,Consumer Financing,400.00,400.00,398.00,398.00,200,2,79800,0
TSPC,2023-12-22,Healthcare,Pharmaceuticals,1805.00,1825.00,1780.00,1820.00,2283800,780,642628992,-617048512
TUGU,2023-12-22,Financials,Insurance,1005.00,1015.00,1005.00,1010.00,960600,461,-157229504,-254432992
TURI,2023-04-05,Consumer Cyclicals,Specialty Retail,1560.00,1560.00,1560.00,1560.00,0,0,0,0
TYRE,2023-12-22,Consumer Cyclicals,Auto Components,130.00,133.00,127.00,128.00,24576700,413,-862358208,-30043000
UANG,2023-12-22,Properties & Real Estate,Real Estate Management & Development,690.00,690.00,655.00,665.00,71800,113,-30974000,-1957500
UCID,2023-12-22,Consumer Non-Cyclicals,Personal Care Products,1020.00,1025.00,1010.00,1010.00,1590000,121,-1378899456,320217504
UDNG,2023-12-22,Consumer Non-Cyclicals,Agricultural Products,64.00,69.00,64.00,65.00,20485400,9822,1017102016,0
UFOE,2023-12-22,Consumer Cyclicals,Specialty Retail,185.00,190.00,183.00,188.00,100100,49,-889900,-1348500
ULTJ,2023-12-22,Consumer Non-Cyclicals,Processed Foods,1600.00,1605.00,1565.00,1565.00,3159600,899,-1815243520,-3431500544
UNIC,2023-12-22,Basic Materials,Chemicals,8100.00,8100.00,8100.00,8100.00,0,0,0,0
UNIQ,2023-12-22,Energy,"Oil, Gas & Coal Supports",206.00,216.00,206.00,210.00,15733900,2657,369862016,65428800
UNIT,2023-12-22,Consumer Cyclicals,Apparel & Luxury Goods,316.00,316.00,316.00,316.00,0,0,0,0
UNSP,2023-12-22,Consumer Non-Cyclicals,Agricultural Products,113.00,113.00,112.00,112.00,301900,13,33376400,0
UNTR,2023-12-22,Industrials,Machinery,22050.00,22150.00,21850.00,22025.00,2347300,3064,4768204800,-5016204800
UNVR,2023-12-22,Consumer Non-Cyclicals,Personal Care Products,3470.00,3490.00,3440.00,3470.00,6665700,3407,-1159278976,1015358016
URBN,2023-12-22,Properties & Real Estate,Real Estate Management & Development,145.00,151.00,145.00,149.00,177000,36,10978600,1837500
UVCR,2023-12-22,Technology,Online Applications & Services,125.00,138.00,123.00,125.00,7471300,931,203353600,12927600
VAST,2023-12-22,Properties & Real Estate,Real Estate Management & Development,62.00,62.00,58.00,59.00,641100,100,-22835800,0
VICI,2023-12-22,Consumer Non-Cyclicals,Personal Care Products,645.00,650.00,645.00,650.00,246100,95,159161504,0
VICO,2023-12-22,Financials,Holding & Investment Companies,112.00,118.00,112.00,118.00,57100,70,532000,0
VINS,2023-12-22,Financials,Insurance,147.00,157.00,147.00,155.00,4300,11,-331300,0
VIVA,2023-12-22,Consumer Cyclicals,Media,50.00,50.00,50.00,50.00,300,3,15000,0
VKTR,2023-12-22,Consumer Cyclicals,Auto Components,117.00,120.00,117.00,119.00,79501696,1265,-2304959488,943543872
VOKS,2023-12-22,Industrials,Electrical,195.00,216.00,194.00,214.00,15754400,754,17565900,28972000
VRNA,2023-12-22,Financials,Consumer Financing,87.00,87.00,85.00,86.00,65400,10,-3837300,-860000
VTNY,2023-12-22,Financials,Consumer Financing,318.00,324.00,312.00,318.00,14495800,918,-97029800,766880192
WAPO,2023-12-22,Consumer Non-Cyclicals,Agricultural Products,94.00,97.00,92.00,93.00,466700,127,-3931000,0
WEGE,2023-12-22,Infrastructures,Heavy Constructions & Civil Engineering,78.00,79.00,76.00,77.00,3183400,242,-87183696,22653400
WEHA,2023-12-22,Transportation & Logistic,Passenger Land Transportation,169.00,170.00,167.00,168.00,1805300,167,-133850000,0
WGSH,2023-12-22,Technology,Software,92.00,92.00,88.00,89.00,439400,31,9279100,0
WICO,2023-12-22,Consumer Non-Cyclicals,Food & Staples Retailing,121.00,121.00,121.00,121.00,0,0,0,0
WIDI,2023-12-22,Industrials,Machinery,21.00,21.00,19.00,21.00,815500,114,-9137200,0
WIFI,2023-12-22,Technology,Online Applications & Services,153.00,154.00,150.00,153.00,104823696,5944,12205057024,123496704
WIIM,2023-12-22,Consumer Non-Cyclicals,Tobacco,1715.00,1780.00,1705.00,1715.00,16635900,5067,-4704475136,3367792384
WIKA,2023-12-22,Infrastructures,Heavy Constructions & Civil Engineering,240.00,240.00,240.00,240.00,0,0,0,0
WINE,2023-12-22,Consumer Non-Cyclicals,Beverages,418.00,422.00,412.00,412.00,547400,250,-140680000,-2841200
WINR,2023-12-22,Properties & Real Estate,Real Estate Management & Development,50.00,50.00,50.00,50.00,11300,7,545000,0
WINS,2023-12-22,Energy,"Oil, Gas & Coal Supports",394.00,410.00,394.00,394.00,7333000,870,-1447447040,1186725376
WIRG,2023-12-22,Technology,Software,109.00,112.00,108.00,110.00,8157700,612,-300763008,44745100
WMPP,2023-12-22,Consumer Non-Cyclicals,Agricultural Products,50.00,50.00,50.00,50.00,18900,30,945000,0
WMUU,2023-12-22,Consumer Non-Cyclicals,Agricultural Products,50.00,50.00,50.00,50.00,4800,4,240000,0
WOMF,2023-12-22,Financials,Consumer Financing,360.00,366.00,356.00,366.00,408200,57,92447600,0
WOOD,2023-12-22,Consumer Cyclicals,Household Goods,282.00,310.00,280.00,302.00,10873500,1302,816910400,-490946816
WOWS,2023-12-22,Energy,"Oil, Gas & Coal Supports",50.00,50.00,50.00,50.00,62300,3,3115000,0
WSBP,2023-12-22,Basic Materials,Construction Materials,50.00,50.00,50.00,50.00,222200,7,11110000,0
WSKT,2023-12-22,Infrastructures,Heavy Constructions & Civil Engineering,202.00,202.00,202.00,202.00,0,0,0,0
WTON,2023-12-22,Basic Materials,Construction Materials,110.00,111.00,108.00,109.00,3337100,237,-86942704,0
XKID,2023-12-22,,,1040.00,1040.00,1040.00,1040.00,100,1,0,0
XMGB,2023-12-22,,,1005.00,1005.00,1005.00,1005.00,0,0,0,0
YELO,2023-12-22,Consumer Cyclicals,Consumer Distributors,50.00,50.00,50.00,50.00,240300,6,12015000,0
YPAS,2023-12-22,Basic Materials,Containers & Packaging,430.00,430.00,430.00,430.00,0,0,0,0
YULE,2023-12-22,Financials,Investment Services,2350.00,2350.00,2350.00,2350.00,212600,24,-124785000,0
ZATA,2023-12-22,Consumer Cyclicals,Specialty Retail,50.00,50.00,50.00,50.00,8800,3,440000,0
ZBRA,2023-12-22,Industrials,Multi-sector Holdings,460.00,460.00,456.00,460.00,48700,14,2432400,19000400
ZINC,2023-12-22,Basic Materials,Metals & Minerals,50.00,50.00,50.00,50.00,0,0,0,0
ZONE,2023-12-22,Consumer Cyclicals,Specialty Retail,1120.00,1120.00,1115.00,1115.00,87600,3,97679000,0
ZYRX,2023-12-22,Technology,Computer Hardware,169.00,171.00,166.00,166.00,154500,131,-6850300,-927600
